"issueId","sourceIssueId","sentenceId","order","wrongText","replacementText","occurrence","ruleId","explanationZhHant","acceptableAlternatives","confidence","status"
"PARA-0001-I001","I001","PARA-0001-S01","1","company","companies","1","MANY_PLURAL_NOUN","many 後面的可數名詞通常要用複數，所以寫 companies。","[]","1","approved"
"PARA-0001-I002","I002","PARA-0001-S01","2","requires","require","1","PLURAL_SUBJECT_VERB","companies 是複數主語，現在式動詞用 require，不加 s。","[]","1","approved"
"PARA-0001-I003","I003","PARA-0001-S01","3","staffs","staff","1","STAFF_COLLECTIVE_NOUN","staff 通常是集合名詞。可寫 staff 或 staff members，一般不寫 staffs。","[""staff members""]","1","approved"
"PARA-0001-I004","I004","PARA-0001-S01","4","wears","wear","1","TO_BASE_VERB","to 後面使用動詞原形，所以是 to wear。","[]","1","approved"
"PARA-0001-I005","I005","PARA-0001-S02","1","have","has","1","SINGULAR_SUBJECT_VERB","policy 是第三身單數，所以使用 has。","[]","1","approved"
"PARA-0001-I006","I006","PARA-0001-S02","2","advantage","advantages","1","SEVERAL_PLURAL_NOUN","several 後面要接可數名詞複數，所以是 advantages。","[]","1","approved"
"PARA-0001-I007","I007","PARA-0001-S02","3","customer","customers","1","GENERAL_GROUP_PLURAL","這裡泛指顧客這個群體，所以使用 customers。","[]","1","approved"
"PARA-0001-I008","I008","PARA-0001-S03","1","identifies","identify","1","MODAL_BASE_VERB","can 後面使用動詞原形，所以是 can identify。","[]","1","approved"
"PARA-0001-I009","I009","PARA-0001-S03","2","needs","need","1","PLURAL_SUBJECT_VERB","they 是複數主語，所以使用 need，不加 s。","[]","1","approved"
"PARA-0001-I010","I010","PARA-0001-S04","1","reduces","reduce","1","MODAL_BASE_VERB","can 後面使用動詞原形，所以是 can reduce。","[]","1","approved"
"PARA-0001-I011","I011","PARA-0001-S04","2","spend for","spend on","1","SPEND_MONEY_ON","表示「花錢在某事上」使用 spend money on something。","[]","1","approved"
"PARA-0001-I012","I012","PARA-0001-S05","1","employee","employees","1","GENERAL_SOME_PLURAL","這裡泛指部分員工，所以使用 some employees。","[]","1","approved"
"PARA-0001-I013","I013","PARA-0001-S05","2","feels","feel","1","PLURAL_SUBJECT_VERB","employees 是複數，因此使用 feel。","[]","1","approved"
"PARA-0001-I014","I014","PARA-0001-S05","3","do","does","1","SINGULAR_SUBJECT_VERB","design 是第三身單數，因此使用 does not。","[]","1","approved"
"PARA-0001-I015","I015","PARA-0001-S06","1","makes","make","1","MODAL_BASE_VERB","may 後面使用動詞原形，所以是 may make。","[]","1","approved"
"PARA-0001-I016","I016","PARA-0001-S06","2","has","have","1","PLURAL_SUBJECT_VERB","they 是複數主語，因此使用 have。","[]","1","approved"
"PARA-0001-I017","I017","PARA-0001-S07","1","provides","provide","1","MODAL_BASE_VERB","should 後面使用動詞原形，所以是 should provide。","[]","1","approved"
"PARA-0001-I018","I018","PARA-0001-S07","2","allows","allow","1","SHARED_MODAL_PARALLEL","should 同時控制 provide 和 allow，兩個動詞都要使用原形。","[]","1","approved"
"PARA-0001-I019","I019","PARA-0001-S07","3","caused","causing","1","PREPOSITION_GERUND","without 是介詞，後面的動作通常使用動名詞，所以是 without causing。","[]","1","approved"
"PARA-0002-I001","I001","PARA-0002-S01","1","for visit","to visit","1","PURPOSE_TO_INFINITIVE","表示「前往日本是為了參觀城市」，通常使用 to + 動詞原形 表達目的，所以寫 to visit。","[]","1","approved"
"PARA-0002-I002","I002","PARA-0002-S02","1","near from","near","1","NEAR_PREPOSITION","near 可以直接接地方，所以寫 near the railway station。也可以寫 close to the railway station。","[""close to""]","1","approved"
"PARA-0002-I003","I003","PARA-0002-S02","2","convenience","convenient","1","ADJECTIVE_AFTER_BE","convenience 是名詞；這裡放在 was very 後面，需要形容詞 convenient。","[]","1","approved"
"PARA-0002-I004","I004","PARA-0002-S03","1","many informations","much information","1","INFORMATION_UNCOUNTABLE","information 在一般英文中是不可數名詞，不能寫 informations。可以寫 much information、a lot of information 或 several pieces of information。","[""a lot of information"",""several pieces of information""]","1","approved"
"PARA-0002-I005","I005","PARA-0002-S03","2","where should we go","where we should go","1","INDIRECT_QUESTION_ORDER","這是放在 asked 後面的間接問句，使用陳述句語序：where + 主語 + 動詞。","[]","1","approved"
"PARA-0002-I006","I006","PARA-0002-S04","1","suggested us to visit","suggested that we visit","1","SUGGEST_CONSTRUCTION","suggest 通常使用 suggest that + 主語 + 動詞，或者 suggest + verb-ing。不要直接寫 suggest someone to do。","[""suggested visiting""]","1","approved"
"PARA-0002-I007","I007","PARA-0002-S04","2","that built","that was built","1","PASSIVE_RELATIVE_CLAUSE","寺廟是「被建造」，所以需要被動語態 was built。","[]","1","approved"
"PARA-0002-I008","I008","PARA-0002-S05","1","the weather","it","1","RAIN_IT_CONSTRUCTION","描述正在下雨時，最自然的主語通常是形式主語 it：It was raining.","[""the weather was rainy""]","1","approved"
"PARA-0002-I009","I009","PARA-0002-S05","2","heavily raining","raining heavily","1","ADVERB_POSITION","heavily 修飾下雨的程度，通常放在 raining 後面：raining heavily。","[]","1","approved"
"PARA-0002-I010","I010","PARA-0002-S06","1","would not got","would not have got","1","THIRD_CONDITIONAL_RESULT","前面使用 If + had + 過去分詞，結果部分通常使用 would have + 過去分詞。","[""would not have gotten""]","1","approved"
"PARA-0002-I011","I011","PARA-0002-S07","1","many memory","many memories","1","MANY_PLURAL_NOUN","many 後面接可數名詞複數，所以寫 many memories。","[]","1","approved"
"PARA-0002-I012","I012","PARA-0002-S07","2","broaden","broadened","1","PAST_TENSE_PARALLEL","整段描述去年的旅程；gave 和 broadened 是兩個並列的過去式動作。","[]","1","approved"
"PARA-0003-I001","I001","PARA-0003-S01","1","an","a","1","ARTICLE_INDEFINITE_CONSONANT_SOUND_A","「an」在此應改為「a」。community 以輔音音素/k/開始，前面用 a， 不用 an。 公式：a + 輔音音素開首的單數可數名詞。","[]","0.9","approved"
"PARA-0003-I002","I002","PARA-0003-S02","1","volunteers","volunteer","1","NOUN_EACH_SINGULAR_COUNT_NOUN","「volunteers」在此應改為「volunteer」。each 後面接單數可數名詞，所以寫 each volunteer，不用 volunteers。","[]","0.9","approved"
"PARA-0003-I003","I003","PARA-0003-S02","2","arriving","to arrive","1","VERB_ASK_NP_TO_INFINITIVE","「arriving」在此應改為「to arrive」。ask + 人後面用 to + 動詞原形，所以寫 asked us to arrive。","[]","0.9","approved"
"PARA-0003-I004","I004","PARA-0003-S03","1","helping","help","1","TO_BASE_VERB","「helping」在此應改為「help」。to 不定詞後面用動詞原形，所以寫 to help， 不是 to helping。","[]","0.9","approved"
"PARA-0003-I005","I005","PARA-0003-S03","2","that was","that were","1","SVA_PAST_PLURAL_SUBJECT_WERE","「that was」在此應改為「that were」。關係分句的主語是複數 books， 所以 be 的過去式用 were。","[]","0.9","approved"
"PARA-0003-I006","I006","PARA-0003-S04","1","on","in","1","PREP_INTERESTED_IN","「on」在此應改為「in」。interested 的固定搭配是 interested in + 名詞／動名詞，所以寫 interested in space。","[]","0.9","approved"
"PARA-0003-I007","I007","PARA-0003-S07","1","to work","working","1","VERB_ENJOY_GERUND","「to work」在此應改為「working」。enjoy 後面接動名詞，所以寫 enjoyed working， 不寫 enjoyed to work。","[]","0.9","approved"
"PARA-0003-I008","I008","PARA-0003-S07","2","confidence","confident","1","WORDFORM_MAKE_OBJECT_ADJECTIVE","「confidence」在此應改為「confident」。make + 人／物 + 形容詞。 me 後面要用形容詞 confident，不用名詞 confidence。","[]","0.9","approved"
"PARA-0004-I001","I001","PARA-0004-S01","1","were","was","1","SVA_PAST_SINGULAR_SUBJECT_WAS","「were」在此應改為「was」。fridge 單數主語，be 的過去式用 was，所以寫 our fridge was。","[]","0.9","approved"
"PARA-0004-I002","I002","PARA-0004-S02","1","many information","much information","1","INFORMATION_UNCOUNTABLE","「many information」在此應改為「much information」。information 是不可數名詞，不能用 many；這裡可寫 much information。","[]","0.9","approved"
"PARA-0004-I003","I003","PARA-0004-S02","2","allowed customers compare","allowed customers to compare","1","VERB_ALLOW_NP_TO_INFINITIVE","「allowed customers compare」在此應改為「allowed customers to compare」。allow + 人 + to + 動詞原形，所以寫 allowed customers to compare。","[]","0.9","approved"
"PARA-0004-I004","I004","PARA-0004-S03","1","where could we buy","where we could buy","1","INDIRECT_QUESTION_ORDER","「where could we buy」在此應改為「where we could buy」。asked 後面是間接問句，要用陳述句語序： where + 主語 + 情態動詞。","[]","0.9","approved"
"PARA-0004-I005","I005","PARA-0004-S04","1","ordering","to order","1","VERB_DECIDE_TO_INFINITIVE","「ordering」在此應改為「to order」。decide 後面通常接 to 不定詞，所以寫 decided to order。","[]","0.9","approved"
"PARA-0004-I006","I006","PARA-0004-S04","2","that located","that was located","1","CLAUSE_RELATIVE_PASSIVE_BE_PARTICIPLE","「that located」在此應改為「that was located」。supermarket 是「位於」某處，完整被動關係分句要有 be + 過去分詞： that was located。","[]","0.9","approved"
"PARA-0004-I007","I007","PARA-0004-S05","1","could to deliver","could deliver","1","MODAL_BASE_VERB","「could to deliver」在此應改為「could deliver」。could 後面直接用動詞原形，不用 to，所以寫 could deliver。","[]","0.9","approved"
"PARA-0004-I008","I008","PARA-0004-S07","1","bottle","bottles","1","NOUN_NUMERAL_PLURAL_COUNT_NOUN","「bottle」在此應改為「bottles」。two 後面接複數可數名詞，所以寫 two bottles。","[]","0.9","approved"
"PARA-0004-I009","I009","PARA-0004-S07","2","was","were","1","SVA_PAST_PLURAL_SUBJECT_WERE","「was」在此應改為「were」。完整主語是 two bottles of milk，中心詞 bottles 是複數，所以用 were。","[]","0.9","approved"
"PARA-0004-I010","I010","PARA-0004-S08","1","contacted with","contacted","1","VERB_CONTACT_DIRECT_OBJECT","「contacted with」在此應改為「contacted」。contact 作動詞時直接接對象，所以寫 contacted support， 不加 with。","[]","0.9","approved"
"PARA-0004-I011","I011","PARA-0004-S08","2","discussed about","discussed","1","VERB_DISCUSS_DIRECT_OBJECT","「discussed about」在此應改為「discussed」。discuss 作動詞時直接接討論內容，所以寫 discussed the problem，不加 about。","[]","0.9","approved"
"PARA-0004-I012","I012","PARA-0004-S08","3","refund","refunded","1","PARALLEL_PAST_TENSE_COORDINATED","「refund」在此應改為「refunded」。apologised、sent 和 refunded 是三個並列的過去式動作，所以 refund 要改為 refunded。","[]","0.9","approved"
"PARA-0005-I001","I001","PARA-0005-S02","1","are","is","1","SVA_PRESENT_SINGULAR_HEAD_OF_PHRASE","「are」在此應改為「is」。真正的主語中心詞是單數 list；of places 只是修飾語，所以寫 The list… is。","[]","0.9","approved"
"PARA-0005-I002","I002","PARA-0005-S02","2","include","includes","1","SVA_PRESENT_NEITHER_SINGULAR_S_FORM","「include」在此應改為「includes」。neither route 按單數主語處理，所以一般現在式動詞用 includes。","[]","0.9","approved"
"PARA-0005-I003","I003","PARA-0005-S03","1","must to bring","must bring","1","MODAL_BASE_VERB","「must to bring」在此應改為「must bring」。must 後面直接用動詞原形，不加 to，所以寫 must bring。","[]","0.9","approved"
"PARA-0005-I004","I004","PARA-0005-S03","2","members","member","1","NOUN_EACH_SINGULAR_COUNT_NOUN","「members」在此應改為「member」。each 後面接單數可數名詞，所以寫 each member。","[]","0.9","approved"
"PARA-0005-I005","I005","PARA-0005-S03","3","arrive","to arrive","1","VERB_ASK_NP_TO_INFINITIVE","「arrive」在此應改為「to arrive」。ask + 人後面用 to + 動詞原形，所以寫 asked each member to arrive。","[]","0.9","approved"
"PARA-0005-I006","I006","PARA-0005-S05","1","less","fewer","1","COUNT_FEWER_PLURAL_COUNT_NOUN","「less」在此應改為「fewer」。buses 是可數名詞複數，表示數量較少用 fewer， 不用 less。","[]","0.9","approved"
"PARA-0005-I007","I007","PARA-0005-S06","1","it will rain","it rains","1","CONDITIONAL_FIRST_IF_PRESENT","「it will rain」在此應改為「it rains」。第一條件句的 if 分句通常用一般現在式，所以寫 if it rains； will 放在結果分句。","[]","0.9","approved"
"PARA-0005-I008","I008","PARA-0005-S06","2","that located","that is located","1","CLAUSE_RELATIVE_PASSIVE_BE_PARTICIPLE","「that located」在此應改為「that is located」。museum 是「位於」附近，所以關係分句要有 is located。","[]","0.9","approved"
"PARA-0005-I009","I009","PARA-0005-S07","1","are","is","1","SVA_PRESENT_UNCOUNTABLE_SUBJECT_SINGULAR_BE","「are」在此應改為「is」。equipment 是不可數名詞，按單數處理，所以寫 The equipment is。","[]","0.9","approved"
"PARA-0006-I001","I001","PARA-0006-S01","1","Despite of receiving","Despite receiving","1","PREP_DESPITE_NO_OF","「Despite of receiving」在此應改為「Despite receiving」。despite 本身已經是介詞，後面直接接名詞或動名詞，不加 of。 公式： despite + 名詞／動名詞。正確對照：in spite of receiving，因為 in spite 後面需要 of。","[]","0.9","approved"
"PARA-0006-I002","I002","PARA-0006-S01","2","one of the most useful project","one of the most useful projects","1","NOUN_ONE_OF_SUPERLATIVE_PLURAL_NOUN","「one of the most useful project」在此應改為「one of the most useful projects」。one of 表示「一群之中的一個」，所以 of 後面的可數名詞用複數。公式：one of the + 最高級 + 複數名詞。正確對照： This is the most useful project.","[]","0.9","approved"
"PARA-0006-I003","I003","PARA-0006-S02","1","since six months","for six months","1","PREP_DURATION_FOR_PERIOD","「since six months」在此應改為「for six months」。six months 是一段時間，要用 for。since 後面通常接起點。公式：for + 時段； since + 起點。正確：for six months／ since March。","[]","0.9","approved"
"PARA-0006-I004","I004","PARA-0006-S02","2","used to offering","used to offer","1","VERB_USED_TO_BASE_VERB","「used to offering」在此應改為「used to offer」。used to 表示過去的習慣或狀態，後面用動詞原形。公式：used to + 動詞原形。邊界：be used to + 名詞／動名詞，例如 She is used to working late。","[]","0.9","approved"
"PARA-0006-I005","I005","PARA-0006-S03","1","look forward to learn","look forward to learning","1","VERB_LOOK_FORWARD_TO_GERUND","「look forward to learn」在此應改為「look forward to learning」。look forward to 裡面的 to 是介詞，所以後面的動作用動名詞。公式： look forward to + 名詞／動名詞。正確對照： hope to learn，因為 hope 後面的 to 是不定詞標記。","[]","0.9","approved"
"PARA-0006-I006","I006","PARA-0006-S04","1","managed fixing","managed to fix","1","VERB_MANAGE_TO_INFINITIVE","「managed fixing」在此應改為「managed to fix」。這裡 manage 表示「成功做到」，後面接 to 不定詞。公式： manage to + 動詞原形。邊界： manage a repair team 中， manage 可直接接名詞，意思是「管理」。","[]","0.9","approved"
"PARA-0006-I007","I007","PARA-0006-S04","2","prevented several batteries ending","prevented several batteries from ending","1","VERB_PREVENT_NP_FROM_GERUND","「prevented several batteries ending」在此應改為「prevented several batteries from ending」。prevent 後面先寫受影響的人或物，再用 from + 動名詞表示被阻止的動作。公式： prevent + 人／物 + from + 動名詞。邊界： prevent an accident 可直接接名詞。","[]","0.9","approved"
"PARA-0006-I008","I008","PARA-0006-S05","1","explained new visitors the safety rules","explained the safety rules to new visitors","1","VERB_EXPLAIN_THING_TO_PERSON","「explained new visitors the safety rules」在此應改為「explained the safety rules to new visitors」。explain 先接所解釋的內容，再用 to 接聽者。公式： explain + 事情 + to + 人。正確替代： The coordinator told the visitors the safety rules，因為 tell 可使用雙賓語。","[]","0.9","approved"
"PARA-0006-I009","I009","PARA-0006-S05","2","provided every team by the necessary gloves","provided every team with the necessary gloves","1","VERB_PROVIDE_NP_WITH_NP","「provided every team by the necessary gloves」在此應改為「provided every team with the necessary gloves」。表示「為某人提供某物」可用 provide + 人 + with + 物。這裡不能用 by。另一個正確寫法是 provide the necessary gloves for every team。","[]","0.9","approved"
"PARA-0006-I010","I010","PARA-0006-S06","1","reminded to write","reminded them to write","1","VERB_REMIND_NP_TO_INFINITIVE","「reminded to write」在此應改為「reminded them to write」。remind 通常要指出提醒的對象。這裡 them 指上一句的 new visitors。 公式： remind + 人 + to + 動詞原形。邊界： remember to write 表示主語自己記得做某事。","[]","0.9","approved"
"PARA-0006-I011","I011","PARA-0006-S07","1","let children to test","let children test","1","VERB_LET_NP_BASE_VERB","「let children to test」在此應改為「let children test」。let 後面接人，再直接用動詞原形，不加 to。 公式：let + 人 + 動詞原形。正確對照：allow children to test， 因為 allow 需要 to 不定詞。","[]","0.9","approved"
"PARA-0006-I012","I012","PARA-0006-S07","2","made everyone to wear","made everyone wear","1","VERB_MAKE_NP_BASE_VERB_ACTIVE","「made everyone to wear」在此應改為「made everyone wear」。主動句中的使役動詞 make 使用 make + 人 + 動詞原形，不加 to。邊界：被動句要恢復 to，例如 Everyone was made to wear eye protection。","[]","0.9","approved"
"PARA-0006-I013","I013","PARA-0006-S08","1","to touch","touching","1","VERB_AVOID_GERUND","「to touch」在此應改為「touching」。avoid 後面接名詞或動名詞，不接 to 不定詞。公式： avoid + 動名詞。正確對照：avoid loose wires，因為 loose wires 是名詞詞組。","[]","0.9","approved"
"PARA-0006-I014","I014","PARA-0006-S08","2","considering to replace","considering replacing","1","VERB_CONSIDER_GERUND","「considering to replace」在此應改為「considering replacing」。consider 表示「考慮做某事」時，後面接動名詞。公式： consider + 動名詞。邊界： consider the proposal 中， consider 可直接接名詞。","[]","0.9","approved"
"PARA-0006-I015","I015","PARA-0006-S09","1","insisted checking","insisted on checking","1","VERB_INSIST_ON_GERUND","「insisted checking」在此應改為「insisted on checking」。insist 後面接動作時，可用 on + 動名詞。公式： insist on + 名詞／動名詞。另一個正確結構是 insist that + 分句，例如 He insisted that we check every cable。","[]","0.9","approved"
"PARA-0006-I016","I016","PARA-0006-S09","2","responsible recording","responsible for recording","1","ADJ_RESPONSIBLE_FOR_GERUND","「responsible recording」在此應改為「responsible for recording」。responsible 表示「負責某件事」時，用 responsible for + 名詞／動名詞。邊界： responsible to the manager 可表示「向經理負責」。","[]","0.9","approved"
"PARA-0006-I017","I017","PARA-0006-S10","1","prefer repairing old things than buying new ones","prefer repairing old things to buying new ones","1","COMP_PREFER_A_TO_B","「prefer repairing old things than buying new ones」在此應改為「prefer repairing old things to buying new ones」。比較兩個偏好選項時，prefer 使用 A to B，不用 than。兩邊應保持相同形式。公式： prefer + 名詞／動名詞 + to + 名詞／動名詞。","[]","0.9","approved"
"PARA-0006-I018","I018","PARA-0006-S10","2","would rather to donate unused tools than throwing them away","would rather donate unused tools than throw them away","1","VERB_WOULD_RATHER_BASE_THAN_BASE","「would rather to donate unused tools than throwing them away」在此應改為「would rather donate unused tools than throw them away」。would rather 後面用動詞原形； than 後面的平行動作也用動詞原形。這是一組相依修改。公式： would rather + 動詞原形 + than + 動詞原形。邊界： would prefer to donate 中則保留 to。","[]","0.9","approved"
"PARA-0006-I019","I019","PARA-0006-S11","1","enough clear","clear enough","1","ADJ_ENOUGH_AFTER_ADJECTIVE","「enough clear」在此應改為「clear enough」。enough 修飾形容詞或副詞時，放在它們後面。公式：形容詞／副詞 + enough。 邊界： enough 修飾名詞時放在名詞前面，例如 enough information。","[]","0.9","approved"
"PARA-0006-I020","I020","PARA-0006-S11","2","such practical that","so practical that","1","DEGREE_SO_ADJECTIVE_THAT","「such practical that」在此應改為「so practical that」。practical 是沒有名詞跟隨的形容詞，所以使用 so practical that。公式：so + 形容詞／副詞 + that。對照：such a practical demonstration that，其中 such 後面有名詞詞組。","[]","0.9","approved"
"PARA-0006-I021","I021","PARA-0006-S12","1","both sorting spare parts and to clean the tables","both sorting spare parts and cleaning the tables","1","PARALLEL_BOTH_AND_MATCHING_GERUNDS","「both sorting spare parts and to clean the tables」在此應改為「both sorting spare parts and cleaning the tables」。both A and B 連接的兩部分要使用相同文法形式。第一部分是動名詞 sorting， 第二部分也應用 cleaning。公式： both + 動名詞 + and + 動名詞。","[]","0.9","approved"
"PARA-0006-I022","I022","PARA-0006-S13","1","between taking the item home or leaving it for collection","between taking the item home and leaving it for collection","1","CONJ_BETWEEN_AND_NOT_OR","「between taking the item home or leaving it for collection」在此應改為「between taking the item home and leaving it for collection」。between 連接兩個選項時，標準結構是 between A and B， 不用 or。 邊界： either A or B 才使用 or。","[]","0.9","approved"
"PARA-0006-I023","I023","PARA-0006-S14","1","Between my neighbour and I","Between my neighbour and me","1","PRONOUN_AFTER_PREPOSITION_OBJECT_CASE","「Between my neighbour and I」在此應改為「Between my neighbour and me」。between 是介詞，後面的代名詞使用賓格 me，不用主格 I。公式：介詞 + 賓格代名詞。對照： My neighbour and I carried the tools，其中整個詞組是主語。","[]","0.9","approved"
"PARA-0006-I024","I024","PARA-0006-S14","2","volunteers tools","volunteers' tools","1","POSSESSIVE_REGULAR_PLURAL_APOSTROPHE","「volunteers tools」在此應改為「volunteers' tools」。tools 屬於多名 volunteers。規則複數名詞已經以 s 結尾，所以在 s 後面加撇號。公式：複數名詞-s + '。對照： one volunteer's tools； children's tools。","[]","0.9","approved"
"PARA-0006-I025","I025","PARA-0006-S14","3","who's bicycle","whose bicycle","1","PRONOUN_RELATIVE_WHOSE_POSSESSIVE","「who's bicycle」在此應改為「whose bicycle」。whose 表示「誰的」，在這裡修飾 bicycle。 who's 是 who is 或 who has 的縮寫。正確對照：Who's ready? = Who is ready?","[]","0.9","approved"
"PARA-0006-I026","I026","PARA-0006-S15","1","amount of volunteers","number of volunteers","1","COUNT_NUMBER_OF_PLURAL_COUNT_NOUN","「amount of volunteers」在此應改為「number of volunteers」。volunteers 是可數名詞複數，所以表示數量時使用 number of。公式： number of + 複數可數名詞；amount of + 不可數名詞。正確對照：the amount of equipment。","[]","0.9","approved"
"PARA-0006-I027","I027","PARA-0006-S15","2","others participants","other participants","1","DETERMINER_OTHER_BEFORE_PLURAL_NOUN","「others participants」在此應改為「other participants」。other 可直接放在複數名詞前作限定詞；others 是代名詞，後面不再接名詞。公式： other + 複數名詞。對照： The others promised to return。","[]","0.9","approved"
"PARA-0006-I028","I028","PARA-0006-S16","1","already left","had already left","1","TENSE_PAST_PERFECT_BY_THE_TIME_EARLIER_EVENT","「already left」在此應改為「had already left」。關門和最後一位訪客離開都是過去事件，而訪客離開發生得更早，所以用過去完成式 had left。公式：較早的過去事件用 had + 過去分詞。","[]","0.9","approved"
"PARA-0006-I029","I029","PARA-0006-S16","2",",",";","2","PUNCT_COMMA_SPLICE_SEMICOLON","「,」在此應改為「;」。the final guest had already left 和 the coordinator still had three forms to check 都是完整主句，不能只用逗號連接。可用分號、句號，或加入 and／but 等連接詞。","[]","0.9","approved"
"PARA-0007-I001","I001","PARA-0007-S01","1","set out","set up","1","PHRASAL_SET_UP_ESTABLISH_PARTICLE_UP","「set out」在此應改為「set up」。／設立一個小組」要用 set up。setout 可表示出發、陳述或排列，不表示在本句中成立調查小組。公式：set up + 組織／系統／小組。","[]","0.9","approved"
"PARA-0007-I002","I002","PARA-0007-S01","2","look into on","look into","1","PHRASAL_LOOK_INTO_NO_EXTRA_PREPOSITION","「look into on」在此應改為「look into」。look into 本身已包含介詞粒子 into，後面直接接事情或疑問分句，不再加 on。 公式：look into + 名詞／why 分句。","[]","0.9","approved"
"PARA-0007-I003","I003","PARA-0007-S01","3","fallen beneath schedule","fallen behind schedule","1","COLLOC_FALL_BEHIND_SCHEDULE","「fallen beneath schedule」在此應改為「fallen behind schedule」。表示進度遲於計劃時，固定搭配是 fall behind schedule。 below 可用於 below target／ below budget，但不宜取代 behind schedule。","[]","0.9","approved"
"PARA-0007-I004","I004","PARA-0007-S02","1","follow on every complaint","follow up on every complaint","1","PHRASAL_FOLLOW_UP_ON_COMPLAINT","「follow on every complaint」在此應改為「follow up on every complaint」。表示繼續調查或處理投訴，用 follow up on + complaint。 follow on 表示某事接着另一件事發生，意思不同。邊界：follow up every complaint 也可以是正確的及物用法，不應強制加入 on。","[]","0.9","approved"
"PARA-0007-I005","I005","PARA-0007-S02","2","come up to a plan","come up with a plan","1","PHRASAL_COME_UP_WITH_PLAN","「come up to a plan」在此應改為「come up with a plan」。表示想出計劃，用 come up with。come up to 可表示走近某人或達到某個水平，例如 come up to the required standard。","[]","0.9","approved"
"PARA-0007-I006","I006","PARA-0007-S02","3","account about","account for","1","PREP_ACCOUNT_FOR_EXPLANATION","「account about」在此應改為「account for」。account for 表示解釋某件事、構成某個比例或造成某個結果。這裡要寫 account for the failures。 account to someone 則可表示向某人負責。","[]","0.9","approved"
"PARA-0007-I007","I007","PARA-0007-S03","1","Not only several contractors failed","Not only did several contractors fail","1","CLAUSE_NOT_ONLY_INITIAL_INVERSION","「Not only several contractors failed」在此應改為「Not only did several contractors fail」。Not only 放在句首並修飾整個分句時，要使用助動詞倒裝：Not only + did + 主語 + 動詞原形。邊界： Not only the contractors but also the engineers agreed 中， not only 只連接名詞詞組，因此不用倒裝。","[]","0.9","approved"
"PARA-0007-I008","I008","PARA-0007-S03","2","comply to","comply with","1","PREP_COMPLY_WITH_REQUIREMENT","「comply to」在此應改為「comply with」。comply 的固定搭配是 comply with + 規則／法律／要求，所以寫 comply with the safety code。","[]","0.9","approved"
"PARA-0007-I009","I009","PARA-0007-S03","3","and they also","but they also","1","CONJ_NOT_ONLY_BUT_ALSO_CLAUSES","「and they also」在此應改為「but they also」。not only 所引出的兩部分通常由 but also 配合。當兩邊都是完整分句，可寫 Not only did X…, but X also…。沒有 not only 時，and also 可以正確使用。","[]","0.9","approved"
"PARA-0007-I010","I010","PARA-0007-S03","4","cover up about delays","cover up delays","1","PHRASAL_COVER_UP_DIRECT_OBJECT","「cover up about delays」在此應改為「cover up delays」。cover up 表示掩飾時直接接賓語，不加 about。亦可把名詞放在中間： cover the delays up； 代名詞必須放中間： cover them up。","[]","0.9","approved"
"PARA-0007-I011","I011","PARA-0007-S04","1","No sooner the investigators had","No sooner had the investigators","1","CLAUSE_NO_SOONER_PAST_PERFECT_INVERSION","「No sooner the investigators had」在此應改為「No sooner had the investigators」。No sooner 放在句首時，要使用過去完成式倒裝：No sooner + had + 主語 + 過去分詞。","[]","0.9","approved"
"PARA-0007-I012","I012","PARA-0007-S04","2","drawn up on a timetable","drawn up a timetable","1","PHRASAL_DRAW_UP_DIRECT_OBJECT","「drawn up on a timetable」在此應改為「drawn up a timetable」。draw up 表示草擬或制定時直接接賓語，所以寫 draw up a timetable，不加 on。","[]","0.9","approved"
"PARA-0007-I013","I013","PARA-0007-S04","3","when","than","1","CONJ_NO_SOONER_THAN","「when」在此應改為「than」。標準配對是 no sooner… than…。對照： hardly／ scarcely… when…。 系統不可把兩組連接詞混合。","[]","0.9","approved"
"PARA-0007-I014","I014","PARA-0007-S04","4","pulled off of the project","pulled out of the project","1","PHRASAL_PULL_OUT_OF_PROJECT","「pulled off of the project」在此應改為「pulled out of the project」。表示退出計劃，用 pull out of + project。 pull off 表示成功完成困難的事情，例如 pull off a difficult rescue，意思不同。","[]","0.9","approved"
"PARA-0007-I015","I015","PARA-0007-S05","1","the panel ruled","did the panel rule","1","CLAUSE_ONLY_AFTER_INITIAL_INVERSION","「the panel ruled」在此應改為「did the panel rule」。Only after + 分句放在句首時，主句要倒裝： Only after… did + 主語 + 動詞原形。若 only after 放在句尾，則不用倒裝：The panel ruled out fraud only after examining the records。","[]","0.9","approved"
"PARA-0007-I016","I016","PARA-0007-S05","2","against fraud","fraud","1","PHRASAL_RULE_OUT_DIRECT_OBJECT","「against fraud」在此應改為「fraud」。rule out 表示排除某個可能性時直接接賓語，不加 against。邊界：rule against a company 是法律裁決對該公司不利，屬另一個結構。","[]","0.9","approved"
"PARA-0007-I017","I017","PARA-0007-S06","1","What it concerned","What concerned","1","CLAUSE_FUSED_RELATIVE_NO_RESUMPTIVE_PRONOUN","「What it concerned」在此應改為「What concerned」。What concerned residents most 是融合關係分句；what 已同時表示「那件事」並在分句中擔任主語，因此不能再加入 it。","[]","0.9","approved"
"PARA-0007-I018","I018","PARA-0007-S06","2","put off replace","put off replacing","1","PHRASAL_PUT_OFF_GERUND","「put off replace」在此應改為「put off replacing」。put off 表示延遲某個動作時，後面接動名詞。公式：put off + 名詞／動名詞。正確：put off replacing the pumps／put off the replacement。","[]","0.9","approved"
"PARA-0007-I019","I019","PARA-0007-S06","3","on that","on which","1","CLAUSE_RELATIVE_FRONTED_PREPOSITION_WHICH","「on that」在此應改為「on which」。介詞放在關係代名詞前面時，物件使用 which，不使用 that。所以寫 pumps on which the districts depended。另一個正確寫法是 pumps which the districts depended on。","[]","0.9","approved"
"PARA-0007-I020","I020","PARA-0007-S07","1","contractor provides","contractor provide","1","CLAUSE_RECOMMEND_THAT_BASE_SUBJUNCTIVE","「contractor provides」在此應改為「contractor provide」。recommend that 後面表達要求或建議時，可使用原形虛擬語氣： that each contractor provide。英式英文亦接受 that each contractor should provide。","[]","0.9","approved"
"PARA-0007-I021","I021","PARA-0007-S07","2","drills carried out","drills be carried out","1","CLAUSE_RECOMMEND_THAT_PASSIVE_BE_SUBJUNCTIVE","「drills carried out」在此應改為「drills be carried out」。被動虛擬語氣要保留 be： recommend that + 主語 + be + 過去分詞。亦可寫 should be carried out。","[]","0.9","approved"
"PARA-0007-I022","I022","PARA-0007-S08","1","system is tested","system be tested","1","CLAUSE_ESSENTIAL_THAT_SUBJUNCTIVE_BE","「system is tested」在此應改為「system be tested」。essential that 後面表達必要安排時，可用原形虛擬語氣 be tested。 英式英文也可寫 should be tested。","[]","0.9","approved"
"PARA-0007-I023","I023","PARA-0007-S08","2","rainy season began","rainy season begins","1","TENSE_BEFORE_FUTURE_EVENT_PRESENT_SIMPLE","「rainy season began」在此應改為「rainy season begins」。本句談論尚未來臨的雨季。before 引出的未來時間分句通常用一般現在式，不用過去式。若整段談論過去事件， began 才可能正確。","[]","0.9","approved"
"PARA-0007-I024","I024","PARA-0007-S08","3","lest another breakdown leaves","lest another breakdown leave","1","CLAUSE_LEST_BASE_SUBJUNCTIVE","「lest another breakdown leaves」在此應改為「lest another breakdown leave」。正式英文中的 lest 可接原形虛擬語氣：lest + 主語 + 動詞原形。英式英文亦常用 lest… should leave。","[]","0.9","approved"
"PARA-0007-I025","I025","PARA-0007-S09","1","If had the council acted","Had the council acted","1","CONDITIONAL_INVERTED_HAD_NO_IF","「If had the council acted」在此應改為「Had the council acted」。第三條件句可省略 if， 並把 had 放到主語前：Had the council acted…。 不能同時保留 if 和倒裝。另一個正確寫法是 If the council had acted…。","[]","0.9","approved"
"PARA-0007-I026","I026","PARA-0007-S09","2","is believed having cost","is believed to have cost","1","CLAUSE_REPORTING_PASSIVE_PERFECT_INFINITIVE","「is believed having cost」在此應改為「is believed to have cost」。damage 發生在現在的相信或估計之前，因此使用被動報告結構 is believed to have + 過去分詞。邊界：The project is believed to cost £5 million 可表示目前估計的成本。","[]","0.9","approved"
"PARA-0007-I027","I027","PARA-0007-S10","1","Much although","Much as","1","CLAUSE_MUCH_AS_CONCESSIVE","「Much although」在此應改為「Much as」。Much as + 主語 + 動詞可表示「雖然」。不能把 much 和 although 直接組合。另一個正確寫法是 Although the mayor wanted…。","[]","0.9","approved"
"PARA-0007-I028","I028","PARA-0007-S10","2","live up with","live up to","1","PHRASAL_LIVE_UP_TO_PROMISE","「live up with」在此應改為「live up to」。live up to 表示達到期望、標準或履行承諾，所以寫 live up to its promises。","[]","0.9","approved"
"PARA-0007-I029","I029","PARA-0007-S11","1","would rather the council publishes","would rather the council published","1","MOOD_WOULD_RATHER_DIFFERENT_SUBJECT_PAST","「would rather the council publishes」在此應改為「would rather the council published」。would rather 後面若有另一個主語，對現在或將來的期望通常用過去式： would rather + 人／機構 + 過去式。邊界：同一主語時用動詞原形，例如 Residents would rather publish the reports。","[]","0.9","approved"
"PARA-0007-I030","I030","PARA-0007-S11","2","than withholding","than withheld","1","PARALLEL_WOULD_RATHER_SHARED_SUBJECT_PAST","「than withholding」在此應改為「than withheld」。council 同時控制 published 和 withheld，兩個假設動作要使用相同的過去式形式。公式：would rather + 主語 + 過去式 A + than + 過去式 B。","[]","0.9","approved"
"PARA-0007-I031","I031","PARA-0007-S12","1","take","have taken","1","TENSE_FUTURE_PERFECT_BY_DEADLINE","「take」在此應改為「have taken」。By next June 表示在未來期限之前完成接管，所以使用未來完成式：will have + 過去分詞。若意思是「正正在六月接管」，簡單將來式才可能合適。","[]","0.9","approved"
"PARA-0007-I032","I032","PARA-0007-S12","2","of","from","1","PHRASAL_TAKE_OVER_FROM_PREDECESSOR","「of」在此應改為「from」。表示接替某人或某組人，用 take over from。 邊界：take over a company 可直接接賓語，表示取得公司的控制權。","[]","0.9","approved"
"PARA-0007-I033","I033","PARA-0007-S13","1","However the repairs complicated may become","However complicated the repairs may become","1","CLAUSE_HOWEVER_ADJECTIVE_CONCESSIVE_ORDER","「However the repairs complicated may become」在此應改為「However complicated the repairs may become」。however 表示「無論多麼」時，形容詞要立即放在 however 後面。公式： however + 形容詞 + 主語 + may／might + 動詞。亦可寫 No matter how complicate d…。","[]","0.9","approved"
"PARA-0007-I034","I034","PARA-0007-S13","2","deal about","deal with","1","PREP_DEAL_WITH_PROBLEM","「deal about」在此應改為「deal with」。deal with 表示處理問題。deal in 則表示買賣某類貨品，例如 deal in antiques；deal about 不是本句所需搭配。","[]","0.9","approved"
"PARA-0007-I035","I035","PARA-0007-S14","1","Having reviewed the evidence, the conclusion was","Having reviewed the evidence, the panel concluded","1","PARTICIPLE_PERFECT_MATCHED_SUBJECT","「Having reviewed the evidence, the conclusion was」在此應改為「Having reviewed the evidence, the panel concluded」。Having reviewed the evidence 的隱含執行者必須是主句主語。能夠「審閱證據」的是 panel，不是 conclusion。邊界： Having been reviewed, the evidence was archived 是正確被動結構，因為 evidence 是被審閱的事物。","[]","0.9","approved"
"PARA-0007-I036","I036","PARA-0007-S15","1","similar failures are the less likely","the less likely similar failures are","1","COMP_CORRELATIVE_THE_MORE_THE_LESS","「similar failures are the less likely」在此應改為「the less likely similar failures are」。表示兩件事按比例變化時，兩個分句都要以 the + 比較級開始。公式：The more…, the less + 形容詞 + 主語 + 動詞。","[]","0.9","approved"
"PARA-0007-I037","I037","PARA-0007-S16","1","will be implemented","have been implemented","1","TENSE_UNTIL_PRESENT_PERFECT_NOT_WILL","「will be implemented」在此應改為「have been implemented」。until 引出的未來時間分句一般不用 will。現在完成式強調所有建議先完成： until… have been implemented。另一個正確寫法是 until all recommendations are implemented。間接問句則可以用 will，例如 We do not know when they will be implemented。","[]","0.9","approved"
"PARA-0007-I038","I038","PARA-0007-S16","2","take it as granted","take it for granted","1","COLLOC_TAKE_IT_FOR_GRANTED","「take it as granted」在此應改為「take it for granted」。固定搭配是 take it for granted that…，表示未經思考便假定某事必然成立。邊界：take it as given that… 也是正確搭配，但使用 given，不使用 granted。","[]","0.9","approved"
"PARA-0008-I001","I001","PARA-0008-S02","1","agree with preventing illness is","agree that preventing illness is","1","VERB_AGREE_THAT_FINITE_CLAUSE","「agree with preventing illness is」在此應改為「agree that preventing illness is」。agree 接完整內容分句時，用 agree that + 主語 + 動詞。agree with 通常接人、意見或名詞詞組，例如 agree with the proposal；不能在 with 後直接接 preventing illness is... 這類完整分句。","[]","0.9","approved"
"PARA-0008-I002","I002","PARA-0008-S02","2","more important to treating","more important than treating","1","COMP_MORE_ADJECTIVE_THAN_COMPLEMENT","「more important to treating」在此應改為「more important than treating」。比較兩件事的重要程度時，用 more important than。 important to someone 也可以正確，意思是「對某人重要」，但不是本句的比較結構。","[]","0.9","approved"
"PARA-0008-I003","I003","PARA-0008-S02","3","give the strongest priority for prevention","give prevention the strongest priority","1","COLLOC_GIVE_NP_PRIORITY","「give the strongest priority for prevention」在此應改為「give prevention the strongest priority」。本句使用 give + 對象 + priority：give prevention the strongest priority。另一個正確寫法是 give the strongest priority to prevention；這個結構不用 for。","[]","0.9","approved"
"PARA-0008-I004","I004","PARA-0008-S03","1","both money as human suffering","both money and human suffering","1","CONJ_BOTH_AND_REQUIRED","「both money as human suffering」在此應改為「both money and human suffering」。both 的標準配對連接詞是 and。公式： both A and B。如果不用 both，則 A as well as B 可以成立，但不可混合成 both A as B。","[]","0.9","approved"
"PARA-0008-I005","I005","PARA-0008-S04","1","invest on health education","invest in health education","1","PREP_INVEST_IN_FIELD","「invest on health education」在此應改為「invest in health education」。表示把資源投放於某個範疇，用 invest in + 項目／領域。也可寫 invest money in education。本句不用 on。","[]","0.9","approved"
"PARA-0008-I006","I006","PARA-0008-S04","2","conditions can stop","conditions can be stopped","1","MODAL_PASSIVE_BE_PARTICIPLE","「conditions can stop」在此應改為「conditions can be stopped」。conditions 是被阻止發展成危機的事物，所以要用被動語態。情態動詞後的被動結構是 can + be + 過去分詞。The bleeding can stop 中的 stop 則是不及物用法，意思不同。","[]","0.9","approved"
"PARA-0008-I007","I007","PARA-0008-S04","3","medicine crises","medical crises","1","WORDFORM_NOUN_PREMODIFIER_MEDICAL_ADJECTIVE","「medicine crises」在此應改為「medical crises」。crises 前面需要形容詞 medical， 表示「醫療方面的」。 medicine 是名詞，雖然可在 medicine cabinet 等固定組合中修飾另一名詞，但不適用於 medical crisis。","[]","0.9","approved"
"PARA-0008-I008","I008","PARA-0008-S05","1","A health system, that only responds after people are already sick, is","A health system that only responds after people are already sick is","1","CLAUSE_RELATIVE_RESTRICTIVE_THAT_NO_COMMAS","「A health system, that only responds after people are already sick, is」在此應改為「A health system that only responds after people are already sick is」。that only responds... 用來界定是哪一類 health system，是限制性關係分句，因此前後不加逗號。非限制性補充資料通常用 which 並以逗號分隔，例如 The system, which was introduced last year, is expensiv e.","[]","0.9","approved"
"PARA-0008-I009","I009","PARA-0008-S05","2","pay long-term treatment","pay for long-term treatment","1","PREP_PAY_FOR_SERVICE","「pay long-term treatment」在此應改為「pay for long-term treatment」。表示支付某項服務或物品的費用，用 pay for + 事物。 pay the bill 可直接接賓語，但 treatment 在這個意思下要寫 pay for treatment。","[]","0.9","approved"
"PARA-0008-I010","I010","PARA-0008-S05","3","might have avoided","might have been avoided","1","MODAL_PERFECT_PASSIVE_HAVE_BEEN_PARTICIPLE","「might have avoided」在此應改為「might have been avoided」。treatment 是「本來可能被避免」的事物，所以用完成式被動語態：might have been + 過去分詞。 The hospital might have avoided the expense 才是主動結構。","[]","0.9","approved"
"PARA-0008-I011","I011","PARA-0008-S06","1","are given at places","are given places","1","VERB_GIVE_PASSIVE_DIRECT_OBJECT_NO_PREPOSITION","「are given at places」在此應改為「are given places」。被動句中的 be given 可以直接接所給予的事物：be given places， 不加 at。 The lecture was given at the school 中的 at 表示活動地點，屬另一個結構。","[]","0.9","approved"
"PARA-0008-I012","I012","PARA-0008-S06","2","less likely of developing","less likely to develop","1","ADJ_LIKELY_TO_INFINITIVE","「less likely of developing」在此應改為「less likely to develop」。likely 後面表示可能發生的動作時，用 to + 動詞原形。公式：be likely to do。如果使用名詞 likelihood，則可寫 the likelihood of developing an illness。","[]","0.9","approved"
"PARA-0008-I013","I013","PARA-0008-S06","3","later at life","later in life","1","COLLOC_LATER_IN_LIFE","「later at life」在此應改為「later in life」。是 later in life，表示在人生較後階段。也可寫 at a later stage in life，但不能直接寫 later at life。","[]","0.9","approved"
"PARA-0008-I014","I014","PARA-0008-S07","1","This means that fewer patients needing","This means fewer patients needing","1","CLAUSE_MEAN_THAT_REQUIRES_FINITE_PREDICATE","「This means that fewer patients needing」在此應改為「This means fewer patients needing」。mean that 後面必須接完整分句，即需要有限動詞，例如 This means that fewer patients will need surgery. 原句選用名詞詞組 fewer patients needing... 作賓語，因此不要加入 that。","[]","0.9","approved"
"PARA-0008-I015","I015","PARA-0008-S08","1","of","from","1","PREP_PROTECT_NP_FROM_NP","「of」在此應改為「from」。表示保護某人免受某事影響，用 protect + 人 + from + 事物。某些語境亦可用 protect against disease，但 protect someone of something 不成立。","[]","0.9","approved"
"PARA-0008-I016","I016","PARA-0008-S08","2","erase it","erase","1","CLAUSE_RELATIVE_OBJECT_NO_RESUMPTIVE_PRONOUN","「erase it」在此應改為「erase」。that 已把 pain 連接到關係分句，並代表 erase 的賓語，所以句末不可再加入 it。正確結構是 pain + that + 主語 + 動詞。","[]","0.9","approved"
"PARA-0008-I017","I017","PARA-0008-S09","1","reason is due to","reason is that","1","CLAUSE_REASON_COPULAR_THAT_CLAUSE","「reason is due to」在此應改為「reason is that」。reason is that + 完整分句用來說明原因內容。due to 後面通常接名詞詞組，例如 The improvement is due to preventive spending；不能直接接 preventive spending creates... 這個有限分句。","[]","0.9","approved"
"PARA-0008-I018","I018","PARA-0008-S10","1","damage has done","damage has been done","1","TENSE_PRESENT_PERFECT_PASSIVE","「damage has done」在此應改為「damage has been done」。damage 是被造成的，所以現在完成式要使用被動結構： has been + 過去分詞。主動句需要有施事者，例如 The delay has done serious damage.","[]","0.9","approved"
"PARA-0008-I019","I019","PARA-0008-S10","2","whereas that prevention","whereas prevention","1","CONJ_WHEREAS_DIRECT_FINITE_CLAUSE","「whereas that prevention」在此應改為「whereas prevention」。whereas 本身是連接詞，後面直接接主語 + 動詞，不再加入 that。公式：分句 A, whereas 分句 B。","[]","0.9","approved"
"PARA-0008-I020","I020","PARA-0008-S10","3","illness takes its root","illness takes root","1","COLLOC_TAKE_ROOT_NO_POSSESSIVE","「illness takes its root」在此應改為「illness takes root」。take root 是固定搭配，表示開始穩固存在或發展，不加入 its。A tree spreads its roots 中的 its roots 是普通名詞詞組，意思不同。","[]","0.9","approved"
"PARA-0008-I021","I021","PARA-0008-S11","1","which","who","1","PRONOUN_RELATIVE_HUMAN_NONRESTRICTIVE_WHO","「which」在此應改為「who」。先行詞 families 指人，所以非限制性關係分句使用 who。which 通常指事物；逗號後也不使用限制性關係代名詞 that。","[]","0.9","approved"
"PARA-0008-I022","I022","PARA-0008-S11","2","of access","access","1","VERB_LACK_DIRECT_OBJECT_NO_OF","「of access」在此應改為「access」。lack 作動詞時直接接賓語： lack access， 不加 of。 如果使用名詞 lack，則寫 a lack of access。","[]","0.9","approved"
"PARA-0008-I023","I023","PARA-0008-S11","3","for","to","2","PREP_ACCESS_TO_RESOURCE","「for」在此應改為「to」。表示能夠取得某項資源，用 access to + 事物。 access for disabled visitors 中的 for 可表示受惠對象，但不是本句所需意思。","[]","0.9","approved"
"PARA-0008-I024","I024","PARA-0008-S12","1","providing","provide","1","PARALLEL_SHARED_TO_INFINITIVE_BASE_VERBS","「providing」在此應改為「provide」。to 同時控制後面的並列動詞，所以各項都使用動詞原形： to improve, provide, support, and promote。若改用 used for，整組才可使用動名詞。","[]","0.9","approved"
"PARA-0008-I025","I025","PARA-0008-S12","2","wide","widely","1","WORDFORM_MANNER_ADVERB_AFTER_VERB","「wide」在此應改為「widely」。widely 是副詞，在這裡修飾 shared，表示利益廣泛地被分享。 wide 可在 open wide 或 far and wide 等結構中作副詞，但本句需要 widely。","[]","0.9","approved"
"PARA-0008-I026","I026","PARA-0008-S12","3","reserve","reserved","1","PARALLEL_RATHER_THAN_PASSIVE_PARTICIPLES","「reserve」在此應改為「reserved」。shared 和 reserved 都由前面的 are 控制，兩者應同為過去分詞。也可寫 are shared widely rather than being reserved。","[]","0.9","approved"
"PARA-0008-I027","I027","PARA-0008-S12","4","whom","who","1","PRONOUN_RELATIVE_SUBJECT_WHO_NOT_WHOM","「whom」在此應改為「who」。關係代名詞在分句中是 can afford 的主語，所以用 who。 whom 用作賓語，例如 the families whom the programme supports。","[]","0.9","approved"
"PARA-0008-I028","I028","PARA-0008-S12","5","for private","private","1","VERB_AFFORD_DIRECT_OBJECT_NO_FOR","「for private」在此應改為「private」。afford 作動詞時直接接所能負擔的事物，不加 for。對照：pay for private care 使用 for，因為動詞是 pay。","[]","0.9","approved"
"PARA-0008-I029","I029","PARA-0008-S13","1","remain healthily, productivity, and independently","remain healthy, productive, and independent","1","LINKING_REMAIN_ADJECTIVE_COMPLEMENTS","「remain healthily, productivity, and independently」在此應改為「remain healthy, productive, and independent」。remain 是連繫動詞，後面使用形容詞描述 citizens 的狀態。三項亦要保持平行： healthy, productive, and independent。副詞通常修飾動作，而不是在這裡描述主語。","[]","0.9","approved"
"PARA-0008-I030","I030","PARA-0008-S14","1","on the","the","1","VERB_PRIORITISE_DIRECT_OBJECT_NO_ON","「on the」在此應改為「the」。prioritise 是及物動詞，直接接賓語： prioritise prevention。使用名詞 priority 時，才可寫 give priority to prevention。","[]","0.9","approved"
"PARA-0008-I031","I031","PARA-0008-S14","2","of it","it","1","CONJ_BECAUSE_FINITE_CLAUSE_NOT_BECAUSE_OF","「of it」在此應改為「it」。because 後面接完整分句： because it reduces...。because of 後面接名詞詞組，例如 because of the reduction in suffering。","[]","0.9","approved"
"PARA-0008-I032","I032","PARA-0008-S14","3","lowering","lowers","1","PARALLEL_FINITE_VERBS_SHARED_SUBJECT","「lowering」在此應改為「lowers」。主語 it 同時控制三個並列的一般現在式動詞： reduces, lowers, and protects。 lowering 可在另一種結構中成立，例如 It reduces suffering, thereby lowering pressure on hospitals.","[]","0.9","approved"
"PARA-0008-I033","I033","PARA-0008-S14","4","to","on","1","PREP_PRESSURE_ON_SYSTEM","「to」在此應改為「on」。表示某個系統承受負擔，用 pressure on + 系統／人。 pressure to do something 則表示做某事的壓力，例如 pressure to reduce costs。","[]","0.9","approved"
"PARA-0008-I034","I034","PARA-0008-S15","1","Although treating","Treating","1","CONJ_ALTHOUGH_NO_COORDINATING_BUT","「Although treating」在此應改為「Treating」。although 和 but 不應同時連接同一對分句。可寫 Although treating illness matters, preventing it is wiser，或像目標句一樣寫 Treating illness matters, but...。","[]","0.9","approved"
"PARA-0008-I035","I035","PARA-0008-S15","2","more wiser","wiser","1","COMP_DOUBLE_COMPARATIVE_NO_MORE","「more wiser」在此應改為「wiser」。wiser 已經是比較級，不再加入 more。可以寫 much wiser，因為 much 是程度副詞，不是另一個比較級標記。","[]","0.9","approved"
"PARA-0008-I036","I036","PARA-0008-S15","3","for","of","1","COLLOC_USE_OF_PUBLIC_MONEY","「for」在此應改為「of」。表示「公共資金的運用」，用 the use of public money。 money for treatment 可以成立，但那表示撥作治療用途的資金，結構和意思不同。","[]","0.9","approved"
"PARA-0009-I001","I001","PARA-0009-S01","1","many employers","many employees","1","WORDCHOICE_EMPLOYEE_AFFECTED_WORKER_NOT_EMPLOYER","「many employers」在此應改為「many employees」。employer 是僱主， employee 是僱員。下文說這些人的僱主在非工作時間給他們工作，因此原意很可能是 employees。不過這項修改涉及人物角色，系統應先根據上下文判斷，不宜只靠單句自動更改。","[]","0.9","approved"
"PARA-0009-I002","I002","PARA-0009-S01","2","blame on the phenomenon","complain about the phenomenon","1","VERB_COMPLAIN_ABOUT_PROBLEM","「blame on the phenomenon」在此應改為「complain about the phenomenon」。如果原意是「抱怨某個問題」，用 complain about + 問題。 blame 的結構不同： blame someone for something 或 blame something on someone。由於更換動詞可能改變意思，建議老師確認。","[]","0.9","approved"
"PARA-0009-I003","I003","PARA-0009-S01","3","during holiday","during holidays","1","NOUN_RECURRING_HOLIDAY_PLURAL","「during holiday」在此應改為「during holidays」。這裡泛指多次假期，而不是某一個特定假期，所以用複數 holidays。若指一個特定假期，可寫 during the holiday。","[]","0.9","approved"
"PARA-0009-I004","I004","PARA-0009-S01","4","offer jobs for them","give them work","1","COLLOC_GIVE_PERSON_WORK","「offer jobs for them」在此應改為「give them work」。offer someone a job 通常表示提供一個職位；本句則指僱主在下班後給員工工作，所以可寫 give them work。 另一個正確寫法是 assign work to them。 這項修改涉及 job 和 work 的意思差別，宜保留老師覆核。","[]","0.9","approved"
"PARA-0009-I005","I005","PARA-0009-S01","5","apart from working hours","outside working hours","1","PREP_OUTSIDE_WORKING_HOURS","「apart from working hours」在此應改為「outside working hours」。表示「在工作時間以外」，用 outside working hours。 apart from 通常表示「除…… 之外」或「除了」，例如 Apart from Sunday, the office is open every day.","[]","0.9","approved"
"PARA-0009-I006","I006","PARA-0009-S02","1","highly believe","strongly believe","1","COLLOC_STRONGLY_BELIEVE","「highly believe」在此應改為「strongly believe」。表示相信程度很高，標準搭配是 strongly believe。 highly 常修飾 successful、 unlikely、 recommended 等詞； highly believe 並非一般標準搭配。","[]","0.9","approved"
"PARA-0009-I007","I007","PARA-0009-S02","2","has placed detrimental effects on","has had detrimental effects on","1","COLLOC_HAVE_EFFECTS_ON","「has placed detrimental effects on」在此應改為「has had detrimental effects on」。表示某事對某人產生影響，可用 have an effect on 或 have effects on。 所以這裡寫 has had detrimental effects on workers。另一個正確結構是 has placed considerablepressure on workers，但不能混合兩個搭配。","[]","0.9","approved"
"PARA-0009-I008","I008","PARA-0009-S04","1","offer job duties","assign duties","1","COLLOC_ASSIGN_DUTIES","「offer job duties」在此應改為「assign duties」。工作任務通常由僱主 assign，所以用 assign duties。offer a job 是提供職位； offer help 是提供協助，與分派職責不同。","[]","0.9","approved"
"PARA-0009-I009","I009","PARA-0009-S04","2","request on urgent projects","request work on urgent projects","1","VERB_REQUEST_WORK_DIRECT_OBJECT","「request on urgent projects」在此應改為「request work on urgent projects」。request 作動詞時需要直接賓語。本句可寫 request work on urgent projects。更清楚的替代寫法是 ask employees to work on urgent projects。","[]","0.9","approved"
"PARA-0009-I010","I010","PARA-0009-S05","1","employers may sacrifice","employees may sacrifice","1","WORDCHOICE_EMPLOYEE_AFFECTED_WORKER_NOT_EMPLOYER","「employers may sacrifice」在此應改為「employees may sacrifice」。整段討論員工因假日工作而失去休息時間，所以主語很可能是 employees。由於僱主理論上也可以犧牲假期，系統不應在欠缺上下文時自動更換。","[]","0.9","approved"
"PARA-0009-I011","I011","PARA-0009-S05","2","their holiday","their holidays","1","NOUN_RECURRING_HOLIDAY_PLURAL","「their holiday」在此應改為「their holidays」。這裡泛指員工的假期，通常用複數 holidays。若文章只談某一個指定假期， their holiday 也可能成立。","[]","0.9","approved"
"PARA-0009-I012","I012","PARA-0009-S05","3","take","take on","1","PHRASAL_TAKE_ON_WORK","「take」在此應改為「take on」。表示接受額外工作或責任，用片語動詞 take on。公式： take on + work／ responsibility／a task。take work home 則是另一個正確結構。","[]","0.9","approved"
"PARA-0009-I013","I013","PARA-0009-S05","4","extra amount","an extra amount","1","ARTICLE_AMOUNT_OF_WORK_AN","「extra amount」在此應改為「an extra amount」。amount 是單數可數名詞，前面需要限定詞，所以寫 an extra amount of work。更自然但較非最小的寫法是 take on extra work。","[]","0.9","approved"
"PARA-0009-I014","I014","PARA-0009-S07","1","devote less time on relaxation","devote less time to relaxation","1","PREP_DEVOTE_TIME_TO","「devote less time on relaxation」在此應改為「devote less time to relaxation」。devote 的固定結構是 devote + 時間／精力 + to + 名詞／動名詞。所以寫 devote less time to relaxation。","[]","0.9","approved"
"PARA-0009-I015","I015","PARA-0009-S07","2","the request","requests","1","NOUN_GENERIC_REQUEST_PLURAL","「the request」在此應改為「requests」。前文沒有指出某一項特定要求，因此泛指僱主可能提出的各種要求時，用複數 requests。若上下文已有一項明確要求，the request 便可能正確。","[]","0.9","approved"
"PARA-0009-I016","I016","PARA-0009-S08","1","relive their stress","relieve their stress","1","WORDCHOICE_RELIEVE_STRESS_NOT_RELIVE","「relive their stress」在此應改為「relieve their stress」。relieve stress 表示減輕壓力。 relive 表示重新經歷某件事，例如 relive a childhood memory。 兩詞拼法接近，但意思不同。","[]","0.9","approved"
"PARA-0009-I017","I017","PARA-0009-S08","2","during holiday","during holidays","1","NOUN_RECURRING_HOLIDAY_PLURAL","「during holiday」在此應改為「during holidays」。本句泛指假日期間的休息機會，因此用 during holidays。指一個特定假期時可寫 during the holiday。","[]","0.9","approved"
"PARA-0009-I018","I018","PARA-0009-S08","3",", and which",", which","1","CLAUSE_NONRESTRICTIVE_WHICH_NO_COORDINATING_AND","「, and which」在此應改為「, which」。which may boost... 是補充前面整個結果的非限制性關係分句。前面已有逗號連接，因此不再加入 and。 另一個正確寫法是分成兩個主句：..., and this may boost their anxiety.","[]","0.9","approved"
"PARA-0009-I019","I019","PARA-0009-S09","1","247","24/7","1","ORTHOGRAPHY_TWENTY_FOUR_SEVEN_SLASH","「247」在此應改為「24/7」。表示每日二十四小時、每週七日，通常寫成 24/7。 由於修改涉及數字，系統必須確認這不是原作者真正想寫的數值 247。","[]","0.9","approved"
"PARA-0009-I020","I020","PARA-0009-S10","1","family gathering","family gatherings","1","NOUN_RECURRING_FAMILY_GATHERING_PLURAL","「family gathering」在此應改為「family gatherings」。gathering 是單數可數名詞，不能在沒有冠詞或其他限定詞的情況下單獨使用。這裡泛指家庭聚會，所以用複數 family gatherings。","[]","0.9","approved"
"PARA-0009-I021","I021","PARA-0009-S10","2","employers who have","employees who have","1","WORDCHOICE_EMPLOYEE_AFFECTED_WORKER_NOT_EMPLOYER","「employers who have」在此應改為「employees who have」。留在工作場所並減少社交活動的人，按文章脈絡應是僱員 employees。這仍屬人物角色判斷，應保留老師覆核。","[]","0.9","approved"
"PARA-0009-I022","I022","PARA-0009-S10","3","stay behind for work","stay behind at work","1","PREP_STAY_BEHIND_AT_WORK","「stay behind for work」在此應改為「stay behind at work」。表示下班時間後仍留在工作場所，可寫 stay behind at work。stay behind for a meeting 則表示為了參加會議而留下，當中 for 引出目的。","[]","0.9","approved"
"PARA-0009-I023","I023","PARA-0009-S10","4","devote less time in social activities","devote less time to social activities","1","PREP_DEVOTE_TIME_TO","「devote less time in social activities」在此應改為「devote less time to social activities」。devote time 後面使用 to，所以寫 devote less time to social activities。spendless time in social activities 在部分語境可用 in，但動詞換成 devote 後便要使用 to。","[]","0.9","approved"
"PARA-0009-I024","I024","PARA-0009-S11","1","draws on negative effects to","has negative effects on","1","COLLOC_HAVE_EFFECTS_ON","「draws on negative effects to」在此應改為「has negative effects on」。have negative effects on + 人／事物是標準搭配。 draw on 表示利用資源或經驗，例如 draw on previous research，不能用來表示造成負面影響。","[]","0.9","approved"
"PARA-0009-I025","I025","PARA-0009-S12","1","their working efficiency","workers' working efficiency","1","PRONOUN_AMBIGUOUS_POSSESSIVE_EXPLICIT_WORKERS","「their working efficiency」在此應改為「workers' working efficiency」。their 可能指 employers、 workers 或前面的 some，指涉不清。根據論點，原意似乎是工人的工作效率，因此明確寫成 workers'working efficiency。若原意是僱主的效率，則應保留另一個版本。","[]","0.9","approved"
"PARA-0009-I026","I026","PARA-0009-S13","1","and to receive","and receive","1","SHARED_MODAL_PARALLEL","「and to receive」在此應改為「and receive」。情態動詞 can 同時控制 ask 和 receive， 兩個動詞都用原形。公式：can + 動詞原形 A + and + 動詞原形 B。","[]","0.9","approved"
"PARA-0009-I027","I027","PARA-0009-S14","1","as they have no obligation","as workers have no obligation","1","PRONOUN_AMBIGUOUS_THEY_EXPLICIT_WORKERS","「as they have no obligation」在此應改為「as workers have no obligation」。they 前面同時出現 employers 和 workers， 讀者不能安全確定所指對象。根據文章立場，應是 workers 沒有義務隨時工作，因此用明確名詞。","[]","0.9","approved"
"PARA-0009-I028","I028","PARA-0009-S15","1","respect their freedom","respect workers' freedom","1","PRONOUN_AMBIGUOUS_POSSESSIVE_EXPLICIT_WORKERS","「respect their freedom」在此應改為「respect workers' freedom」。最近的複數名詞是 employers，所以 their freedom 容易被理解為僱主的自由。若原意是員工的自由，應明確寫成 workers'freedom。","[]","0.9","approved"
"PARA-0009-I029","I029","PARA-0009-S17","1","holiday","holidays","1","NOUN_RECURRING_HOLIDAY_PLURAL","「holiday」在此應改為「holidays」。結論泛指所有假期，所以使用複數 holidays。特定的一次假期則需寫 during the holiday。","[]","0.9","approved"
"PARA-0009-I030","I030","PARA-0009-S17","2","prevent them from excessive work,","protect them from excessive work and","1","VERB_PROTECT_NP_FROM_NP","「prevent them from excessive work,」在此應改為「protect them from excessive work and」。prevent + 人 + from 後面通常接動名詞，例如 prevent workers from overworking。若後面直接接名詞 excessive work，可改用 protect workers from excessive work。","[]","0.9","approved"
"PARA-0009-I031","I031","PARA-0009-S17","3","to keep","can help them maintain","1","PARALLEL_RESULT_PROTECT_AND_HELP","「to keep」在此應改為「can help them maintain」。前一部分表示「保護工人免受工作和壓力」，後一部分則表示「幫助他們維持關係」。兩個結果需要各自完整的動詞結構：can protect... and can help them maintain...。","[]","0.9","approved"
"PARA-0009-I032","I032","PARA-0009-S17","4","relationship","relationships","1","NOUN_GENERIC_RELATIONSHIP_PLURAL","「relationship」在此應改為「relationships」。工人可能與多位朋友維持多段關係，因此泛指時使用複數 close relationships。若只談與一位指定朋友的關係，單數才可能成立。","[]","0.9","approved"
"PARA-0010-I001","I001","PARA-0010-S01","1","In many schools, In order to train students discipline.","In many schools, uniforms are required in order to instil discipline in students.","1","CLAUSE_FRAGMENT_PURPOSE_ADJUNCT_MAIN_CLAUSE","「In many schools, In order to train students discipline.」在此應改為「In many schools, uniforms are required in order to instil discipline in students.」。in order to + 動詞是表示目的的從屬結構，不能單獨成句，必須依附主句。目標句補回 uniforms are required。此外，表示「培養紀律」可用 instil discipline in students。由於主句是根據下一句推斷，必須由老師確認。","[]","0.9","approved"
"PARA-0010-I002","I002","PARA-0010-S02","1","requestment in uniform","uniform requirements","1","COLLOC_UNIFORM_REQUIREMENTS_COMPOUND_NOUN","「requestment in uniform」在此應改為「uniform requirements」。requestment 不是這個意思下的標準名詞；應用 requirements。表示校服規定時，通常把單數名詞 uniform 放在 requirements 前：uniform requirements。另一個正確寫法是 requirements regarding uniforms。","[]","0.9","approved"
"PARA-0010-I003","I003","PARA-0010-S03","1","dress with for more freedom","dress more freely","1","WORDFORM_DRESS_FREELY_ADVERB","「dress with for more freedom」在此應改為「dress more freely」。dress 在這裡是不及物動詞，可用副詞 freely 修飾。 with 後面需要賓語，例如 dress with greater variety； 原句的 with for 不能構成一個完整結構。","[]","0.9","approved"
"PARA-0010-I004","I004","PARA-0010-S04","1","especially","especially because","1","CLAUSE_ESPECIALLY_BECAUSE_FINITE_REASON","「especially」在此應改為「especially because」。wearing a uniform can help... 是完整分句。若它用來解釋「為甚麼有好處」，需要 because 引出原因。 especially 本身是副詞，不能單獨充當連接完整分句的從屬連接詞。","[]","0.9","approved"
"PARA-0010-I005","I005","PARA-0010-S04","2","wearing uniform","wearing a uniform","1","ARTICLE_SINGULAR_COUNT_UNIFORM_IN_GERUND","「wearing uniform」在此應改為「wearing a uniform」。uniform 在這裡是單數可數名詞，因此需要冠詞 a。即使整個結構由動名詞 wearing 開始，動名詞後面的名詞詞組仍須遵守冠詞規則。泛指多種校服時可寫 wearing uniforms。","[]","0.9","approved"
"PARA-0010-I006","I006","PARA-0010-S04","3","help students more focus","help students focus more","1","ADVERB_FOCUS_MORE_AFTER_VERB","「help students more focus」在此應改為「help students focus more」。help + 人 + 動詞原形是正確結構；程度副詞 more 在這裡修飾 focus，通常放在動詞後面。另一個正確寫法是 help students to focus more。","[]","0.9","approved"
"PARA-0010-I007","I007","PARA-0010-S05","1","One major advantage","One major advantage is that","1","CLAUSE_COPULAR_ADVANTAGE_IS_THAT","「One major advantage」在此應改為「One major advantage is that」。One major advantage 只是一個名詞詞組，仍欠謂語。用 is that + 完整分句說明該優點的內容。公式：The advantage is that + 主語 + 動詞。","[]","0.9","approved"
"PARA-0010-I008","I008","PARA-0010-S05","2","Wearing uniform","wearing a uniform","1","ARTICLE_SINGULAR_COUNT_UNIFORM_IN_GERUND","「Wearing uniform」在此應改為「wearing a uniform」。uniform 是單數可數名詞，要加 a。加入 is that 後， wearing 不再位於句首，因此改用小寫。","[]","0.9","approved"
"PARA-0010-I009","I009","PARA-0010-S05","3","this wearing anxiety","anxiety about clothing","1","COLLOC_ANXIETY_ABOUT_CLOTHING","「this wearing anxiety」在此應改為「anxiety about clothing」。anxiety 通常用 about 或 over 引出令人憂慮的事情。 wearing anxiety 不能清楚表達「對衣着的焦慮」。也可寫 clothing-related anxiety。","[]","0.9","approved"
"PARA-0010-I010","I010","PARA-0010-S06","1","outfits clothes","outfits","1","NOUN_REDUNDANT_OUTFITS_CLOTHES","「outfits clothes」在此應改為「outfits」。outfit 本身已表示一套衣服，不能把 outfits clothes 當作一般名詞組合。可保留 outfits，或改為單獨的 clothes。","[]","0.9","approved"
"PARA-0010-I011","I011","PARA-0010-S06","2","homework and get quality","homework, have more","1","COLLOC_HAVE_TIME_TO_SLEEP","「homework and get quality」在此應改為「homework, have more」。quality time 通常指有意義地與某人相處或從事重視的活動，不等於可供睡眠的時間。若原意是「多一點時間睡覺」，可寫 have more time to sleep；若強調睡眠量，可寫 get enough sleep。","[]","0.9","approved"
"PARA-0010-I012","I012","PARA-0010-S06","3","as well as students","and","1","SHARED_MODAL_PARALLEL","「as well as students」在此應改為「and」。情態動詞 can 同時控制 reserve、have 和 maintain，所以三個動詞都用原形，亦不重複主語 students。公式： can + verb A, verb B, and verb C。","[]","0.9","approved"
"PARA-0010-I013","I013","PARA-0010-S07","1","the fair","a fair","1","ARTICLE_INDEFINITE_FIRST_MENTION_A","「the fair」在此應改為「a fair」。這裡首次提出一種尚未特定的校園環境，因此使用 a fair school environment。若前文已界定某一個特定環境， the 才可能成立。","[]","0.9","approved"
"PARA-0010-I014","I014","PARA-0010-S07","2","schools environment","school environment","1","NOUN_ATTRIBUTIVE_SINGULAR_SCHOOL_ENVIRONMENT","「schools environment」在此應改為「school environment」。普通名詞放在另一名詞前作修飾語時，通常使用單數，所以是 school environment。複數形式只在少數固定或詞彙化組合中保留。","[]","0.9","approved"
"PARA-0010-I015","I015","PARA-0010-S08","1","causal wear","to wear casual clothes","1","VERB_ALLOW_NP_TO_INFINITIVE","「causal wear」在此應改為「to wear casual clothes」。allow 表示准許某人做事時，用 allow + 人 + to + 動詞原形。此外， causal 表示「因果的」；衣着應用 casual。 完整結構是 allow the students to wear casual clothes。也可寫 allow casual wear。","[]","0.9","approved"
"PARA-0010-I016","I016","PARA-0010-S08","2","everyday schools will become a faishon show","schools will become fashion shows every day","1","CLAUSE_EVERY_DAY_ADVERBIAL_POSITION_AND_NUMBER","「everyday schools will become a faishon show」在此應改為「schools will become fashion shows every day」。everyday 是形容詞，例如 everyday clothing；表示「每天」要寫兩個字 every day，並作時間副詞。 schools 是複數，所以表語名詞亦改為複數 fashion shows。 faishon 同時改正為 fashion。","[]","0.9","approved"
"PARA-0010-I017","I017","PARA-0010-S08","3",", Some","; some","1","PUNCT_COMMA_SPLICE_SEMICOLON","「, Some」在此應改為「; some」。前後都是可獨立成句的主句，不能只用逗號連接。這裡使用分號，並把後面的 some 改為小寫。也可使用句號或加入適當連接詞。","[]","0.9","approved"
"PARA-0010-I018","I018","PARA-0010-S08","4","student","students","2","GENERAL_SOME_PLURAL","「student」在此應改為「students」。若干富裕學生， some 後面使用複數可數名詞 students。some student 也可表示「某一位不知名的學生」，但不符合這裡的群體概括。","[]","0.9","approved"
"PARA-0010-I019","I019","PARA-0010-S08","5","dressed","dress","1","TENSE_GENERAL_PRESENT_CONSISTENCY","「dressed」在此應改為「dress」。這段描述一般校園情況，而不是一次已完成的過去事件，因此使用一般現在式 dress。 若整段是在敘述過去某一天， dressed 才可能適合。","[]","0.9","approved"
"PARA-0010-I020","I020","PARA-0010-S08","6","a normal students only have","normal students have only","1","ARTICLE_PLURAL_NOUN_NO_A","「a normal students only have」在此應改為「normal students have only」。a 只能配合單數可數名詞。可寫 a normal student 或 normal students；本句採用複數，與前面的 some affluent students 對照。","[]","0.9","approved"
"PARA-0010-I021","I021","PARA-0010-S08","7","change","change into","1","PHRASAL_CHANGE_INTO_CLOTHING","「change」在此應改為「change into」。表示換上某套衣服，用 change into + 衣物。 outfits to change 可能被理解為「需要修改的服裝」，意思不同。","[]","0.9","approved"
"PARA-0010-I022","I022","PARA-0010-S09","1","what their think","what their friends think","1","DETERMINER_POSSESSIVE_REQUIRES_NOUN","「what their think」在此應改為「what their friends think」。their 是所有格限定詞，後面必須有名詞。根據前面的 friendships，目標句補上 friends。也可寫 what others think。 由於所指人物需靠上文推斷，建議老師確認。","[]","0.9","approved"
"PARA-0010-I023","I023","PARA-0010-S09","2",", personal outfits",", so personal outfits","1","PUNCT_COMMA_SPLICE_CAUSAL_SO","「, personal outfits」在此應改為「, so personal outfits」。前後是兩個完整主句，而且後句是前句的結果，因此加入 so。也可用分號，但分號不會明確標示因果關係。","[]","0.9","approved"
"PARA-0010-I024","I024","PARA-0010-S10","1","can't expand that even cause","can't afford such clothes, this may even cause","1","AMBIGUOUS_EXPAND_AFFORD_CONDITIONAL_RECONSTRUCTION","「can't expand that even cause」在此應改為「can't afford such clothes, this may even cause」。expand 不表示「有能力購買」。按上下文，可能原意是 afford such clothes。此外， if 分句後必須有完整主句，因此補上主語和有限動詞 this may even cause。 由於 expand 可能代表其他原意，不能在沒有上下文時自動修改。","[]","0.9","approved"
"PARA-0010-I025","I025","PARA-0010-S11","1","Therefore","Therefore,","1","PUNCT_INTRODUCTORY_ADVERBIAL_COMMA","「Therefore」在此應改為「Therefore,」。Therefore 在句首作連接副詞，正式寫作中通常以逗號與主句分隔。","[]","0.9","approved"
"PARA-0010-I026","I026","PARA-0010-S12","1","For these reasons","For these reasons,","1","PUNCT_INTRODUCTORY_ADVERBIAL_COMMA","「For these reasons」在此應改為「For these reasons,」。較長的句首介詞短語通常以逗號與主句分隔，讓句子邊界清楚。","[]","0.9","approved"
"PARA-0010-I027","I027","PARA-0010-S12","2","reslove","resolve","1","SPELLING_RESOLVE","「reslove」在此應改為「resolve」。正確拼法是 resolve。這是拼字問題，不是句法規則。","[]","0.9","approved"
"PARA-0010-I028","I028","PARA-0010-S12","3","the students choosing outfits problems","students' problems with choosing outfits","1","POSSESSIVE_PLURAL_PROBLEMS_WITH_GERUND","「the students choosing outfits problems」在此應改為「students' problems with choosing outfits」。表示問題屬於多名學生，用複數所有格 students'。表示「在做某事方面的問題」，常用 problems with + 動名詞。公式： people's problems with doing something。","[]","0.9","approved"
"PARA-0010-I029","I029","PARA-0010-S13","1","However","However,","1","PUNCT_INTRODUCTORY_ADVERBIAL_COMMA","「However」在此應改為「However,」。However 在句首表示轉折時，通常在後面加逗號。若 however 表示「無論多麼」，結構不同，例如 However expensive they are,...。","[]","0.9","approved"
"PARA-0010-I030","I030","PARA-0010-S13","2","schools uniforms","school uniforms","1","NOUN_ATTRIBUTIVE_SINGULAR_SCHOOL_UNIFORM","「schools uniforms」在此應改為「school uniforms」。school 在 school uniforms 中作名詞修飾語，通常使用單數。這不代表只有一間學校或一件校服。","[]","0.9","approved"
"PARA-0010-I031","I031","PARA-0010-S14","1","the","The","1","ORTHOGRAPHY_SENTENCE_INITIAL_CAPITAL","「the」在此應改為「The」。完整句子的第一個字母要使用大寫。","[]","0.9","approved"
"PARA-0010-I032","I032","PARA-0010-S14","2","not comfortable and practical","neither comfortable nor practical","1","CONJ_NEITHER_NOR_NEGATIVE_COORDINATION","「not comfortable and practical」在此應改為「neither comfortable nor practical」。not A and B 有時只表示「並非同時兼具 A 和 B」， 不一定否定兩項。根據下文，作者似乎想表示校服既不舒適，也不實用，因此用 neither A nor B。由於修改會確定否定範圍，需老師確認。","[]","0.9","approved"
"PARA-0010-I033","I033","PARA-0010-S15","1","take","wick","1","COLLOC_WICK_AWAY_SWEAT","「take」在此應改為「wick」。描述布料把汗水帶離皮膚時，常用 wick away sweat。 absorb sweat 也可能成立，但意思偏向吸收汗水； take away sweat 雖可理解，並非標準衣料搭配。","[]","0.9","approved"
"PARA-0010-I034","I034","PARA-0010-S15","2","uniform quality","they are","1","CLAUSE_MISSING_COPULA_ADJECTIVE_COMPLEMENT","「uniform quality」在此應改為「they are」。not warm 是形容詞補語，前面需要主語和連繫動詞 be。目標句以 they 指回 uniforms：they are not warm。若原意是品質差，可另寫 the material is not warm enough。","[]","0.9","approved"
"PARA-0010-I035","I035","PARA-0010-S15","3","the winnter","winter","1","SPELLING_WINTER","「the winnter」在此應改為「winter」。正確拼法是 winter。","[]","0.9","approved"
"PARA-0010-I036","I036","PARA-0010-S16","1","For example","For example,","1","PUNCT_INTRODUCTORY_ADVERBIAL_COMMA","「For example」在此應改為「For example,」。For example 位於句首並引出例子時，通常在後面加逗號。","[]","0.9","approved"
"PARA-0010-I037","I037","PARA-0010-S16","2","the student finishing the PE leasson T-shirt","after a student finishes a PE lesson, their T-shirt","1","PARTICIPLE_MALFORMED_MODIFIER_POSSESSIVE_RECONSTRUCTION","「the student finishing the PE leasson T-shirt」在此應改為「after a student finishes a PE lesson, their T-shirt」。原詞序不能清楚顯示誰完成體育課、哪件 T-shirt 屬於誰。目標句先用時間分句 after a student finish es...， 再用所有格 their T-shirt。 leasson 同時改為 lesson。","[]","0.9","approved"
"PARA-0010-I038","I038","PARA-0010-S16","3","get","gets","1","SINGULAR_SUBJECT_VERB","「get」在此應改為「gets」。動詞的真正主語是單數 T-shirt，所以一般現在式用 gets。 附近的 student 或 lesson 不控制這個動詞。","[]","0.9","approved"
"PARA-0010-I039","I039","PARA-0010-S16","4","wet and the jacket too thin can't keep warm","wet, and their jacket is too thin to keep them warm","1","ADJ_TOO_TO_CAUSATIVE_KEEP_OBJECT","「wet and the jacket too thin can't keep warm」在此應改為「wet, and their jacket is too thin to keep them warm」。第二部分需要完整主句： their jacket is...。 too + 形容詞 + to + 動詞原形表示程度過高而無法達到結果； keep 還需要受詞和形容詞補語：keep them warm。","[]","0.9","approved"
"PARA-0010-I040","I040","PARA-0010-S18","1","clothing but","clothing,","1","CONJ_ALTHOUGH_NO_COORDINATING_BUT","「clothing but」在此應改為「clothing,」。although 已經引出讓步分句，同一對分句不再使用 but。可寫 Although A, B，或不用 although 而寫 A, but B。","[]","0.9","approved"
"PARA-0010-I041","I041","PARA-0010-S18","2","suppliers price","suppliers' prices","1","POSSESSIVE_REGULAR_PLURAL_APOSTROPHE","「suppliers price」在此應改為「suppliers' prices」。價格屬於多名供應商，所以在規則複數 suppliers 的 s 後加撇號。多名供應商可能有多個價格，因此中心名詞用複數 prices。若只有一名供應商，則寫 the supplier's price。","[]","0.9","approved"
"PARA-0010-I042","I042","PARA-0010-S18","3","every years","every year","1","NOUN_EVERY_SINGULAR_COUNT_NOUN","「every years」在此應改為「every year」。every 後面接單數可數名詞，所以寫 every year。 比較： all years、 many years。","[]","0.9","approved"
"PARA-0010-I043","I043","PARA-0010-S19","1","in developmental stage","are at a developmental stage","1","CLAUSE_COPULAR_PREPOSITIONAL_STAGE","「in developmental stage」在此應改為「are at a developmental stage」。students 後面需要有限動詞 are。表示某人處於某一發展階段，可寫 be at a developmental stage； stage 是單數可數名詞，需要 a。","[]","0.9","approved"
"PARA-0010-I044","I044","PARA-0010-S19","2","keep to change every year","they need to change their uniforms every year","1","CLAUSE_CONDITIONAL_MAIN_CLAUSE_SUBJECT_AND_PREDICATE","「keep to change every year」在此應改為「they need to change their uniforms every year」。if 從句後面需要完整主句。原句缺少主語，也沒有說明甚麼需要更換。目標句按上下文補成 they need to change their uniforms。也可能改為被動式 their uniforms need to be changed，因此需老師確認原意。","[]","0.9","approved"
"PARA-0010-I045","I045","PARA-0010-S20","1","income family this","low-income families, this","1","WORDFORM_LOW_INCOME_ATTRIBUTIVE_HYPHEN","「income family this」在此應改為「low-income families, this」。表示收入較低的家庭，常用複合形容詞 low-income， 放在名詞前時加連字號。文章泛指多個家庭，因此用 families，並在句首短語後加逗號。 low 是根據「沉重負擔」推斷，需老師確認。","[]","0.9","approved"
"PARA-0010-I046","I046","PARA-0010-S20","2","become","becomes","1","SINGULAR_SUBJECT_VERB","「become」在此應改為「becomes」。主語是單數指示代名詞 this，所以一般現在式動詞用 becomes。介詞短語 For low-income families 不控制動詞形式。","[]","0.9","approved"
"PARA-0010-I047","I047","PARA-0010-S21","1","Therefore","Therefore,","1","PUNCT_INTRODUCTORY_ADVERBIAL_COMMA","「Therefore」在此應改為「Therefore,」。句首連接副詞 Therefore 後面通常使用逗號。","[]","0.9","approved"
"PARA-0010-I048","I048","PARA-0010-S21","2","create parents and students economic difficulties","create economic difficulties for parents and students","1","VERB_CREATE_NP_FOR_BENEFICIARY","「create parents and students economic difficulties」在此應改為「create economic difficulties for parents and students」。create 先直接接被創造或造成的事物，再用 for 引出受影響的人： create + difficulties + for + people。不能把 parents and students 直接放在 economic difficulties 前作雙賓語。","[]","0.9","approved"
"PARA-0010-I049","I049","PARA-0010-S22","1","conclusion","conclusion,","1","PUNCT_INTRODUCTORY_ADVERBIAL_COMMA","「conclusion」在此應改為「conclusion,」。In conclusion 是句首引導語，通常在後面加逗號。","[]","0.9","approved"
"PARA-0010-I050","I050","PARA-0010-S22","2","wearing","dressing","1","COLLOC_MAKE_DRESSING_EASIER","「wearing」在此應改為「dressing」。單獨的 wearing 通常需要說明穿甚麼，例如 wearing uniforms。表示「令穿衣更容易」，可用名詞化動作 dressing，也可寫 make getting dressed easier。","[]","0.9","approved"
"PARA-0010-I051","I051","PARA-0010-S22","3","comparison","comparison,","1","PUNCT_COORDINATED_INDEPENDENT_CLAUSES_COMMA","「comparison」在此應改為「comparison,」。school uniforms can... 和 they can cause... 都是完整主句，由 but 連接時，正式寫作通常在 but 前加逗號。","[]","0.9","approved"
"PARA-0011-I001","I001","PARA-0011-S01","1","work become","work has become","1","TENSE_PRESENT_PERFECT_CHANGE_TO_PRESENT_STATE","「work become」在此應改為「work has become」。工作發展至今已成為生活的一部分，因此目標句使用現在完成式 has become。 work 是單數不可數主語，所以不能直接接 become。 若原意是一般規律，work becomes 也可成立，故應保留為可接受替代。","[]","0.9","approved"
"PARA-0011-I002","I002","PARA-0011-S01","2","our life","our lives","1","NOUN_DISTRIBUTIVE_POSSESSIVE_PLURAL_LIVES","「our life」在此應改為「our lives」。our 指多個人的生活，這裡通常用複數 our lives。 在把眾人的生活視為一個整體概念時，our life asa community 也可能成立，但本句是一般個人生活。","[]","0.9","approved"
"PARA-0011-I003","I003","PARA-0011-S01","3","our private time it has","our private time has","1","CLAUSE_MAIN_SUBJECT_NO_RESUMPTIVE_PRONOUN","「our private time it has」在此應改為「our private time has」。our private time 已經是主句主語，不能再加入代名詞 it 重複同一主語。公式：主語 + 有限動詞，不是主語 + it + 有限動詞。","[]","0.9","approved"
"PARA-0011-I004","I004","PARA-0011-S02","1","over workload","excessive workloads,","1","COLLOC_EXCESSIVE_WORKLOAD_PLURAL","「over workload」在此應改為「excessive workloads,」。over 不能直接這樣修飾 workload。表示工作量過多，可用 an excessive workload 或泛指多種工作負擔的 excessive workloads。","[]","0.9","approved"
"PARA-0011-I005","I005","PARA-0011-S02","2","leads","which lead","1","CLAUSE_CAUSED_BY_NP_RELATIVE_RESULT","「leads」在此應改為「which lead」。is caused 已是主句的有限動詞，後面的 leads 不能在沒有連接詞下直接形成第二個謂語。加入 which 建立關係分句；先行詞 workloads 是複數，所以用 lead。","[]","0.9","approved"
"PARA-0011-I006","I006","PARA-0011-S03","1","set","sets","1","SVA_PRESENT_SINGULAR_GOVERNMENT_S_FORM","「set」在此應改為「sets」。the government 在本句視為單數機構，一般現在式動詞用 sets。英式英文有時可把集體名詞視為複數，但本句聚焦政府作為一個政策制定者。","[]","0.9","approved"
"PARA-0011-I007","I007","PARA-0011-S03","2","limits maximum working hour","maximum limit on working hours","1","NOUN_MAXIMUM_LIMIT_ON_WORKING_HOURS","「limits maximum working hour」在此應改為「maximum limit on working hours」。a 後面要接單數 limit； maximum 放在名詞前；表示對某事設定上限，用 a limit on + 名詞。這裡泛指每週或每日工時，所以用複數 working hours。","[]","0.9","approved"
"PARA-0011-I008","I008","PARA-0011-S03","3","and","and employees","1","CLAUSE_COORDINATED_IF_CLAUSES_EXPLICIT_SUBJECT","「and」在此應改為「and employees」。第一個動作由 the government 執行，第二個動作則按原意由 employees 執行。主語不同時，不能讓兩個動詞錯誤地共用同一主語，因此要明確補上 employees。","[]","0.9","approved"
"PARA-0011-I009","I009","PARA-0011-S03","4","boundaries","boundaries, these measures","1","CLAUSE_FRONTED_IF_MAIN_CLAUSE_SUBJECT","「boundaries」在此應改為「boundaries, these measures」。句首 If... 部分是條件分句，之後仍需要一個完整主句。原文只有 can protect，欠缺主語；目標句加入 these measures，並以逗號分隔條件分句。","[]","0.9","approved"
"PARA-0011-I010","I010","PARA-0011-S03","5","employees","employees'","1","POSSESSIVE_REGULAR_PLURAL_APOSTROPHE","「employees」在此應改為「employees'」。work–life balance 屬於多名 employees。規則複數名詞已以 s 結尾，所以在 s 後加撇號： employees'。","[]","0.9","approved"
"PARA-0011-I011","I011","PARA-0011-S03","6","work life","work-life","1","ORTHOGRAPHY_COMPOUND_WORK_LIFE_HYPHEN","「work life」在此應改為「work-life」。work-life 共同修飾 balance，是慣用的複合修飾語，因此通常加連字號。單獨並列兩個名詞時未必需要連字號。","[]","0.9","approved"
"PARA-0011-I012","I012","PARA-0011-S04","1","employess","employees","1","SPELLING_EMPLOYEES","「employess」在此應改為「employees」。正確拼法是 employees。這是拼字問題，不是句法規則。","[]","0.9","approved"
"PARA-0011-I013","I013","PARA-0011-S04","2","facing","face","1","CLAUSE_THAT_PLURAL_SUBJECT_FINITE_PRESENT","「facing」在此應改為「face」。that 後面需要完整分句。 many employees 是複數主語，因此使用一般現在式有限動詞 face。 employees facing... 可作名詞詞組，但不能在這裡單獨充當完整分句。","[]","0.9","approved"
"PARA-0011-I014","I014","PARA-0011-S05","1","Nowadays","Nowadays,","1","PUNCT_INTRODUCTORY_ADVERB_COMMA","「Nowadays」在此應改為「Nowadays,」。Nowadays 位於句首作時間副詞，正式寫作中通常在後面加逗號。","[]","0.9","approved"
"PARA-0011-I015","I015","PARA-0011-S05","2","app","apps","1","NOUN_GENERIC_PLURAL_MESSAGING_APPS","「app」在此應改為「apps」。are 要配合複數主語，因此用 messaging apps。若使用單數，則要寫 a messaging app is。","[]","0.9","approved"
"PARA-0011-I016","I016","PARA-0011-S05","3","common caused","common, causing","1","PARTICIPLE_RESULT_CAUSING_CLAUSE","「common caused」在此應改為「common, causing」。are common 已構成完整謂語。後面表示其結果時，可用逗號加現在分詞 causing...。直接寫 are common caused 會把兩個不相容的動詞形式放在一起。","[]","0.9","approved"
"PARA-0011-I017","I017","PARA-0011-S05","4","staff have","staff to have","1","VERB_CAUSE_NP_TO_INFINITIVE","「staff have」在此應改為「staff to have」。cause 表示導致某人處於某情況或做某事時，用 cause + 人 + to + 動詞原形。所以寫 causing staff to have...。","[]","0.9","approved"
"PARA-0011-I018","I018","PARA-0011-S05","5","reply","reply to","1","PREP_REPLY_TO_MESSAGE","「reply」在此應改為「reply to」。reply 表示回覆某封訊息時，需要介詞 to。在 messages to reply to 中， messages 是 to 的邏輯賓語，因此介詞保留在不定詞末端。 reply to messages 也是正確的完整形式。","[]","0.9","approved"
"PARA-0011-I019","I019","PARA-0011-S05","6",",",";","1","PUNCT_COMMA_SPLICE_SEMICOLON","「,」在此應改為「;」。前半句和由 since... 開始的後半部分各自形成完整的複合主句，不能只用逗號連接。此處使用分號；也可改用句號。","[]","0.9","approved"
"PARA-0011-I020","I020","PARA-0011-S05","7",", so",",","1","CONJ_SINCE_NO_RESULT_SO","「, so」在此應改為「,」。since 已引出原因分句，主句前不再加入結果連接詞 so。可寫 Since A, B， 或 A, so B， 但一般不混合成 Since A, soB。","[]","0.9","approved"
"PARA-0011-I021","I021","PARA-0011-S06","1","As a result","As a result,","1","PUNCT_INTRODUCTORY_LINKER_COMMA","「As a result」在此應改為「As a result,」。As a result 是句首連接語，後面通常加逗號。後面的 but mentally still... 是省略了重複主語和助動詞的平行結構，本身可以成立。","[]","0.9","approved"
"PARA-0011-I022","I022","PARA-0011-S08","1","Face of","Faced with","1","PARTICIPLE_FACED_WITH_CIRCUMSTANCE","「Face of」在此應改為「Faced with」。表示某人面對某些處境，用過去分詞結構 Faced with + 名詞。 face of 通常表示某物的表面或面貌，例如 the face of the building， 不是本句所需意思。","[]","0.9","approved"
"PARA-0011-I023","I023","PARA-0011-S08","2","bus fares and food keep going up","rising bus fares and food prices","1","PARALLEL_PRICE_NOUNS_RISING_MODIFIER","「bus fares and food keep going up」在此應改為「rising bus fares and food prices」。Faced with 後面需要平行的名詞詞組。按上下文，作者似乎指車費和食品價格上升，因此改為 rising bus fares and food prices。因為原文的 food 也可能有其他意思，應由老師確認。","[]","0.9","approved"
"PARA-0011-I024","I024","PARA-0011-S09","1","their tired bodies to make money","their bodies become tired as they work to make money","1","CLAUSE_FRAGMENT_SUBJECT_ADJECTIVE_INFINITIVE_RECONSTRUCTION","「their tired bodies to make money」在此應改為「their bodies become tired as they work to make money」。原文只有名詞詞組 their tired bodies 和不定詞，沒有有限動詞，因此不是完整句子。目標句加入 become，再以 as 說明身體疲累時正在進行的工作。這是原意推斷，須老師覆核。","[]","0.9","approved"
"PARA-0011-I025","I025","PARA-0011-S10","1","they work become slower and slower","they work more and more slowly","1","WORDFORM_VERB_MODIFIED_BY_ADVERB_COMPARATIVE","「they work become slower and slower」在此應改為「they work more and more slowly」。work 是動作，應由副詞 slowly 修飾。表示動作逐漸變慢，用 more and more slowly。 become slower 可描述人或事物的狀態，但不能直接放在 they work 後形成雙重謂語。","[]","0.9","approved"
"PARA-0011-I026","I026","PARA-0011-S10","2",", After","; after","1","PUNCT_COMMA_SPLICE_SEMICOLON","「, After」在此應改為「; after」。前後都是完整主句，不能只用逗號連接。改用分號後， after 不再位於新句句首，因此使用小寫。句號加大寫 After 也是正確替代。","[]","0.9","approved"
"PARA-0011-I027","I027","PARA-0011-S11","1","solution is the government to limit","solution is for the government to limit","1","CLAUSE_COPULAR_FOR_NP_TO_INFINITIVE","「solution is the government to limit」在此應改為「solution is for the government to limit」。在 be 後用不定詞分句並明確指出執行者時，使用 for + 人／機構 + to + 動詞。公式： The solution is for X to do Y.","[]","0.9","approved"
"PARA-0011-I028","I028","PARA-0011-S12","1","For examples","For example","1","FIXED_FOR_EXAMPLE_SINGULAR","「For examples」在此應改為「For example」。引出一個或一組例子時，固定連接語是 For example。 examples 可用在普通名詞結構，如 These are useful examp les.","[]","0.9","approved"
"PARA-0011-I029","I029","PARA-0011-S13","1","Also","Also,","1","PUNCT_INTRODUCTORY_LINKER_COMMA","「Also」在此應改為「Also,」。Also 位於句首並連接論點時，通常在後面加逗號。","[]","0.9","approved"
"PARA-0011-I030","I030","PARA-0011-S13","2","reply the work messages","reply to the work messages","1","PREP_REPLY_TO_MESSAGE","「reply the work messages」在此應改為「reply to the work messages」。reply 作動詞並接回覆對象時，用 reply to + 訊息／人。 answer the messages 可直接接賓語，但 reply 不可照搬 answer 的結構。","[]","0.9","approved"
"PARA-0011-I031","I031","PARA-0011-S13","3","theirs bosses","their bosses","1","PRONOUN_POSSESSIVE_DETERMINER_THEIR","「theirs bosses」在此應改為「their bosses」。名詞 bosses 前需要所有格限定詞 their。 theirs 是獨立所有格代名詞，後面不能再接名詞，例如 The decision is their s.","[]","0.9","approved"
"PARA-0011-I032","I032","PARA-0011-S13","4","punish or give them bad reviews","punish them or give them bad reviews","1","PARALLEL_TRANSITIVE_VERBS_EXPLICIT_OBJECT","「punish or give them bad reviews」在此應改為「punish them or give them bad reviews」。punish 是及物動詞，需要受詞。後面的 them 是 give 的間接受詞，不能自動倒推為 punish 的受詞，因此要明確寫 punish them。","[]","0.9","approved"
"PARA-0011-I033","I033","PARA-0011-S14","1","Hope this","I hope this","1","CLAUSE_FRAGMENT_MISSING_SUBJECT_I_HOPE","「Hope this」在此應改為「I hope this」。陳述句中的 hope 需要主語。根據文章由第一身表達立場，補回 I。祈使句可省略主語，但 Hope this... 在此不是自然的祈使結構。","[]","0.9","approved"
"PARA-0011-I034","I034","PARA-0011-S14","2","keep","have","1","COLLOC_HAVE_PERSONAL_TIME","「keep」在此應改為「have」。表示工人擁有較多私人時間，通常用 have more personal time。keep time 有守時、記錄時間等其他意思，因此在這裡不夠準確。","[]","0.9","approved"
"PARA-0011-I035","I035","PARA-0011-S14","3","more personal and more rest time","more personal time and more rest time","1","PARALLEL_COORDINATED_NOUN_PHRASES_REPEATED_HEAD","「more personal and more rest time」在此應改為「more personal time and more rest time」。personal 是形容詞，不能單獨作 have 的受詞。加入名詞 time 後，兩部分成為平行名詞詞組：more personal time 和 more rest time。","[]","0.9","approved"
"PARA-0011-I036","I036","PARA-0011-S15","1","At the same time","At the same time,","1","PUNCT_INTRODUCTORY_LINKER_COMMA","「At the same time」在此應改為「At the same time,」。句首連接短語 At the same time 後面通常加逗號。","[]","0.9","approved"
"PARA-0011-I037","I037","PARA-0011-S15","2","a clear boundaries","clear boundaries","1","ARTICLE_A_PLURAL_NOUN_DELETE","「a clear boundaries」在此應改為「clear boundaries」。a 只能接單數可數名詞，不能接複數 boundaries。可寫 a clear boundary 或 clear boundaries；本段談多種界線，所以採用複數。","[]","0.9","approved"
"PARA-0011-I038","I038","PARA-0011-S16","1","examples","example","1","FIXED_FOR_EXAMPLE_SINGULAR","「examples」在此應改為「example」。固定連接語使用單數 For example。","[]","0.9","approved"
"PARA-0011-I039","I039","PARA-0011-S16","2","after work","after work,","1","PUNCT_INTRODUCTORY_PREPOSITIONAL_PHRASE_COMMA","「after work」在此應改為「after work,」。after work 位於主句前作時間狀語，加入逗號可清楚標示主句從 people 開始。短狀語的逗號有時可省略，但本句結構複雜，應保留。","[]","0.9","approved"
"PARA-0011-I040","I040","PARA-0011-S16","3","turn off","people can turn off","1","CLAUSE_EXAMPLE_EXPLICIT_GENERIC_SUBJECT_MODAL","「turn off」在此應改為「people can turn off」。原句可能被讀成祈使句，但整段正在概括人們可以採取的措施。目標句補上一般主語 people 和情態動詞 can。 若作者確實想直接向讀者提出命令， turn off... 也可能成立。","[]","0.9","approved"
"PARA-0011-I041","I041","PARA-0011-S16","4","notifications, and leaves","notifications and leave","1","SHARED_MODAL_PARALLEL","「notifications, and leaves」在此應改為「notifications and leave」。can 同時控制 turn off 和 leave， 兩個動詞都使用原形。共用同一主語和情態動詞時，通常不在 and 前加逗號。","[]","0.9","approved"
"PARA-0011-I042","I042","PARA-0011-S18","1","work stress and financial pressure is","work stress and financial pressure are","1","SVA_PRESENT_COMPOUND_SUBJECT_ARE","「work stress and financial pressure is」在此應改為「work stress and financial pressure are」。work stress 和 financial pressure 由 and 連接，形成複合複數主語，所以使用 are。若兩個名詞被視為同一個不可分概念，單數才偶爾可能成立。","[]","0.9","approved"
"PARA-0011-I043","I043","PARA-0011-S19","1","However If","However, if","1","PUNCT_HOWEVER_COMMA_LOWERCASE_IF","「However If」在此應改為「However, if」。However 是句首連接副詞，後面加逗號。if 仍在同一句內，因此使用小寫。","[]","0.9","approved"
"PARA-0011-I044","I044","PARA-0011-S19","2","give a","provide","1","COLLOC_PROVIDE_CONDITIONS","「give a」在此應改為「provide」。表示政府或僱主創造工作條件，常用 provide working conditions。 give 也可使用，但通常需要明確受詞，如 give employees better working conditions。","[]","0.9","approved"
"PARA-0011-I045","I045","PARA-0011-S19","3","work condition","working conditions","1","NOUN_WORKING_CONDITIONS_PLURAL","「work condition」在此應改為「working conditions」。固定名詞詞組通常是 working conditions，並以複數泛指工時、待遇及環境等多方面條件。改為複數後，不再使用單數冠詞 a。","[]","0.9","approved"
"PARA-0011-I046","I046","PARA-0011-S19","4","rests","rest","1","NOUN_THE_REST_OF_SINGULAR_REST","「rests」在此應改為「rest」。表示剩餘部分時，固定結構是 the rest of + 名詞， 其中 rest 保持單數。 rests 可作動詞或表示多次休息，但不適用於此結構。","[]","0.9","approved"
"PARA-0011-I047","I047","PARA-0011-S19","5",".this",", this","1","CLAUSE_FRONTED_IF_COMMA_BEFORE_MAIN","「.this」在此應改為「, this」。if 分句一直延伸至 their lives， 其後的 this problem can be solved 才是主句。因此不能在兩者之間使用句號；應以逗號分隔，並把 this 改為小寫。","[]","0.9","approved"
"PARA-0012-I001","I001","PARA-0012-S01","1","companies requires","companies require","1","PLURAL_SUBJECT_VERB","「companies requires」在此應改為「companies require」。companies 是複數主語。一般現在式中，複數主語後面的動詞用原形，所以寫 companies require，不用 companies requires。","[]","0.9","approved"
"PARA-0012-I002","I002","PARA-0012-S01","2","staff needed to wore","staff to wear","1","VERB_REQUIRE_NP_TO_INFINITIVE","「staff needed to wore」在此應改為「staff to wear」。require 表示要求某人做某事時，使用 require + 人 + to + 動詞原形。 require 已經控制後面的不定詞，不能加入 needed； to 後面亦要用原形 wear，不用過去式 wore。","[]","0.9","approved"
"PARA-0012-I003","I003","PARA-0012-S02","1","for example","policy; for example,","1","LEXICAL_UNIFORM_POLICY_COMPANY_CONTEXT","「for example」在此應改為「policy; for example,」。公司不是「穿上一件校服」，而是實施制服政策，因此按上下文補成 a uniform policy。 前後是兩個獨立內容單位，所以用分號；for example 後面加逗號。若原意真的是公司擁有一件制服，則不應加入 policy。","[]","0.9","approved"
"PARA-0012-I004","I004","PARA-0012-S02","2","customer","customers","1","NOUN_GENERIC_CUSTOMER_PLURAL","「customer」在此應改為「customers」。這裡泛指一般顧客，而不是一位特定顧客，所以使用複數 customers。若只談一位已知顧客，則要寫 the customer 或 a customer。","[]","0.9","approved"
"PARA-0012-I005","I005","PARA-0012-S02","3","stores and enhanced","stores, and uniforms enhance","1","CLAUSE_COORDINATED_MISSING_SUBJECT_FINITE_VERB","「stores and enhanced」在此應改為「stores, and uniforms enhance」。customers can locate staff 已是完整分句； enhanced 不能在沒有主語的情況下直接與它並列。第二個意思是制服提升信任和專業形象，因此補回主語 uniforms，並用一般現在式 enhance。","[]","0.9","approved"
"PARA-0012-I006","I006","PARA-0012-S03","1","In staff opinion","In the staff's opinion","1","POSSESSIVE_COLLECTIVE_STAFF_OPINION","「In staff opinion」在此應改為「In the staff's opinion」。固定結構是 in someone 's opinion。這裡的 opinion 屬於 staff，因此使用定冠詞和所有格：in the staff's opinion。也可寫 in the opinion of the staff。","[]","0.9","approved"
"PARA-0012-I007","I007","PARA-0012-S03","2","can doesn’t required","can reduce","1","MODAL_NEGATION_SINGLE_AUXILIARY_BASE_VERB","「can doesn’t required」在此應改為「can reduce」。一個動詞組不能同時使用 can 和 doesn't 來控制同一個主要動詞；can 後面亦只能接動詞原形。按上下文，作者想表達制服可減少開支，因此改為 can reduce。 若原意是「不需要另外購買衣服」，另一個正確寫法是 means that staff do not need a separate work wardrobe。","[]","0.9","approved"
"PARA-0012-I008","I008","PARA-0012-S03","3","a work wardrobe expenses","expenses for a work wardrobe","1","NOUN_EXPENSES_FOR_WORK_WARDROBE","「a work wardrobe expenses」在此應改為「expenses for a work wardrobe」。expenses 是複數名詞，前面不能使用單數冠詞 a。表示某項用途所需的開支，可寫 expenses for + 名詞詞組，所以是 expenses for awork wardrobe。","[]","0.9","approved"
"PARA-0012-I009","I009","PARA-0012-S03","4","and it can less wear and tear","and wear and tear","1","PARALLEL_SHARED_REDUCE_COORDINATED_OBJECTS","「and it can less wear and tear」在此應改為「and wear and tear」。reduce 同時控制兩個賓語： expenses 和 wear and tear。 less 是比較限定詞或形容詞，不能在這裡直接充當動詞。公式： reduce A and B。","[]","0.9","approved"
"PARA-0012-I010","I010","PARA-0012-S03","5","personal clothes","personal clothes.","1","PUNCT_SENTENCE_FINAL_FULL_STOP","「personal clothes」在此應改為「personal clothes.」。完整陳述句結束時需要句號。段落換行本身不能取代句末標點。","[]","0.9","approved"
"PARA-0012-I011","I011","PARA-0012-S04","1","can easily located","can easily locate","1","MODAL_BASE_VERB","「can easily located」在此應改為「can easily locate」。can 後面直接使用動詞原形，所以寫 can easily locate。 副詞 easily 可以放在情態動詞後、主要動詞前。","[]","0.9","approved"
"PARA-0012-I012","I012","PARA-0012-S04","2","their staff","staff","1","PRONOUN_POSSESSIVE_CUSTOMER_STAFF_NONPOSSESSION","「their staff」在此應改為「staff」。their 最自然會指向主語 customers，形成「顧客所擁有的員工」，不符合上下文。若意思是顧客辨認店內員工，直接寫 locate staff。 若指某公司的員工，可寫 locate the company 's staff。","[]","0.9","approved"
"PARA-0012-I013","I013","PARA-0012-S06","1","A clear illustration","As a clear illustration","1","CLAUSE_ILLUSTRATION_AS_ADJUNCT","「A clear illustration」在此應改為「As a clear illustration」。A clear illustration 單獨放在逗號前只是名詞詞組，沒有連接到後面的例子。加入 as 後，它成為句首狀語：As a clear illustr ation,...。更常見的替代寫法是 For example,...。","[]","0.9","approved"
"PARA-0012-I014","I014","PARA-0012-S06","2","with","where","1","CLAUSE_RELATIVE_LOCATION_WHERE","「with」在此應改為「where」。後面是包含主語和動詞的完整分句，用來描述 airport 裡的情況，因此使用關係副詞 where。 with 後面不能直接接 the staff do... 這種有限分句。","[]","0.9","approved"
"PARA-0012-I015","I015","PARA-0012-S06","3","do not wearing","are not wearing","1","AUXILIARY_PROGRESSIVE_BE_NOT_ING","「do not wearing」在此應改為「are not wearing」。現在進行式使用 be + 動詞-ing。 主語 the staff 在本句按複數群體處理，所以寫 are not wearing。do not 後面則必須接原形 wear。","[]","0.9","approved"
"PARA-0012-I016","I016","PARA-0012-S06","4","there are a loss","there is a loss","1","SVA_EXISTENTIAL_THERE_SINGULAR_HEAD_IS","「there are a loss」在此應改為「there is a loss」。存現句的動詞要配合後面的真正主語。a loss 是單數，因此使用 there is，不用 there are。","[]","0.9","approved"
"PARA-0012-I017","I017","PARA-0012-S06","5","trusts","trust","1","COUNT_TRUST_ABSTRACT_UNCOUNTABLE","「trusts」在此應改為「trust」。trust 表示抽象的信任時通常是不可數名詞，所以寫 aloss of trust。 trusts 可以指法律上的信託安排，但不是本句的意思。","[]","0.9","approved"
"PARA-0012-I018","I018","PARA-0012-S07","1","it will have","there will be","1","CLAUSE_EXISTENTIAL_THERE_WILL_BE","「it will have」在此應改為「there will be」。表示某事將會存在或發生，用 there will be + 名詞。 it will have 需要一個有明確指涉的主語，並表示該主語擁有某物，不適合本句。","[]","0.9","approved"
"PARA-0012-I019","I019","PARA-0012-S07","2","commutations","communication","1","WORDCHOICE_COMMUNICATION_NOT_COMMUTATION","「commutations」在此應改為「communication」。communication 表示人與人之間的溝通，通常作不可數名詞。 commutation 是另一個真實英文詞，可表示減刑、換向或付款轉換，不是本句意思。","[]","0.9","approved"
"PARA-0012-I020","I020","PARA-0012-S07","3","with passengers and staff","between passengers and staff","1","PREP_COMMUNICATION_BETWEEN_A_AND_B","「with passengers and staff」在此應改為「between passengers and staff」。表示兩個群體彼此溝通，用 communication between A and B。 communication with passengers 可表示某一方與乘客溝通，但當兩方並列時， between 較準確。","[]","0.9","approved"
"PARA-0012-I021","I021","PARA-0012-S07","4","they","the staff","1","PRONOUN_AMBIGUOUS_THEY_EXPLICIT_STAFF","「they」在此應改為「the staff」。前面同時出現 passengers 和 staff，they 可能指任何一方或兩方。由於穿制服的是員工，應明確寫 the staff。 若上下文另有所指，系統應保留原句並要求確認。","[]","0.9","approved"
"PARA-0012-I022","I022","PARA-0012-S07","5","wearing","wear","1","TENSE_IF_PRESENT_FINITE_VERB","「wearing」在此應改為「wear」。if 後面需要一個完整有限分句。主語是 the staff， 所以使用一般現在式 wear。 單獨的 wearing 不能作這個條件分句的謂語。","[]","0.9","approved"
"PARA-0012-I023","I023","PARA-0012-S08","1","dimensions","dimension","1","NOUN_A_SINGULAR_COUNT_NOUN","「dimensions」在此應改為「dimension」。a 後面要接單數可數名詞，所以寫 a further dimension。若使用複數，則要刪除 a： further dimensions。","[]","0.9","approved"
"PARA-0012-I024","I024","PARA-0012-S08","2","is","is that","1","CLAUSE_COPULAR_NOUN_THAT_CLAUSE","「is」在此應改為「is that」。dimension is 後面要接說明其內容的補語。完整有限分句通常由 that 引出：The dimension is that + 主語 + 動詞。","[]","0.9","approved"
"PARA-0012-I025","I025","PARA-0012-S08","3","easy to","easily","1","ADVERB_EASILY_MODIFIES_LOCATE","「easy to」在此應改為「easily」。easy 是形容詞，不能直接修飾動作 locate； 應使用副詞 easily。 此外， will 後面直接接動詞原形，不加 to。","[]","0.9","approved"
"PARA-0012-I026","I026","PARA-0012-S08","4","of","in","1","PREP_STAFF_IN_SHOP","「of」在此應改為「in」。處某間店舖，用 staff in a shop。staff of a company 可表示屬於某公司的員工，但這裡重點是顧客在店內尋找員工。","[]","0.9","approved"
"PARA-0012-I027","I027","PARA-0012-S08","5","shops","shop,","1","ARTICLE_A_SINGULAR_COUNT_NOUN","「shops」在此應改為「shop,」。a 只能接單數可數名詞，所以寫 a shop。複數形式則應寫 shops，並刪除 a。","[]","0.9","approved"
"PARA-0012-I028","I028","PARA-0012-S08","6","it","this","1","PRONOUN_THIS_CLAUSAL_REFERENCE","「it」在此應改為「this」。it 容易被理解為指最近的 shop 或 staff。本句實際指「能迅速找到員工」這個整體情況，因此用 this 指回上一個分句。更明確的寫法是 this ease of identification will increase...。","[]","0.9","approved"
"PARA-0012-I029","I029","PARA-0012-S08","7","companies","companies'","1","POSSESSIVE_REGULAR_PLURAL_APOSTROPHE","「companies」在此應改為「companies'」。profits 屬於多間 companies。 規則複數名詞已以 s 結尾，所以在 s 後加撇號： companies ' profits。若只有一間公司，則寫 a company's profits。","[]","0.9","approved"
"PARA-0012-I030","I030","PARA-0012-S08","8",",",";","1","PUNCT_COMMA_SPLICE_SEMICOLON","「,」在此應改為「;」。前面的陳述句和後面的祈使句 imagine... 都可以獨立成句，不能只用逗號連接。這裡使用分號；句號亦可。","[]","0.9","approved"
"PARA-0012-I031","I031","PARA-0012-S08","9","imaged","imagine","1","WORDCHOICE_IMAGINE_NOT_IMAGE","「imaged」在此應改為「imagine」。表示「試想一下」要用動詞 imagine。 image 作動詞可表示為某物成像或想像其圖像，但 imaged 是過去式，不能在這個祈使句位置使用。","[]","0.9","approved"
"PARA-0012-I032","I032","PARA-0012-S08","10","if you enter","entering","1","VERB_IMAGINE_GERUND","「if you enter」在此應改為「entering」。imagine 後面可接動名詞，表示想像某個動作或情境： imagine entering a shop。也可寫 imagine that you enter a shop。","[]","0.9","approved"
"PARA-0012-I033","I033","PARA-0012-S08","11","retai","retail","1","SPELLING_RETAIL","「retai」在此應改為「retail」。正確拼法是 retail。這是拼字問題，不是句法規則。","[]","0.9","approved"
"PARA-0012-I034","I034","PARA-0012-S08","12","and","where","2","CLAUSE_RELATIVE_LOCATION_WHERE","「and」在此應改為「where」。後面的內容描述 retail shop 內部的情況，因此用 where 引出地點關係分句。and no staff wearing... 缺乏有限動詞，亦不能清楚修飾 shop。","[]","0.9","approved"
"PARA-0012-I035","I035","PARA-0012-S08","13","wearing uniform","are wearing a uniform","1","CLAUSE_NO_STAFF_BE_PROGRESSIVE_ARTICLE","「wearing uniform」在此應改為「are wearing a uniform」。關係分句需要有限動詞，所以在 wearing 前加入 are。 uniform 是單數可數名詞，前面需要冠詞 a。本句把 staff 視為多名員工，因此使用 are。","[]","0.9","approved"
"PARA-0012-I036","I036","PARA-0012-S08","14",",",":","2","PUNCT_COLON_EXPLANATORY_MAIN_CLAUSE","「,」在此應改為「:」。前面的 imagine... 引出一個情境，後面的完整分句說明該情境造成的結果，因此可用冒號。若保留逗號，會把兩個獨立結構錯誤連接。","[]","0.9","approved"
"PARA-0012-I037","I037","PARA-0012-S08","15","someone","whether someone","1","CLAUSE_EMBEDDED_YES_NO_WHETHER","「someone」在此應改為「whether someone」。作者要判斷的是「某人是否為員工」，因此需要 whether 引出嵌入式是非問句。公式：figure out whether + 主語 + 動詞。","[]","0.9","approved"
"PARA-0012-I038","I038","PARA-0012-S08","16","employees","employee,","1","ARTICLE_AN_SINGULAR_COUNT_NOUN","「employees」在此應改為「employee,」。an 後面接單數可數名詞，所以寫 an employee。 複數形式則不用 an： employees。","[]","0.9","approved"
"PARA-0013-I001","I001","PARA-0013-S01","1","the age of residents","the age distributions of the populations","1","COLLOC_CHART_AGE_DISTRIBUTION_POPULATION","「the age of residents」在此應改為「the age distributions of the populations」。圖表比較的是人口中不同年齡組別所佔的比例，因此通常寫 age distribution of the population，而不是只寫個別居民的 age。原句並非完全不能理解，但目標寫法更準確地描述統計內容。","[]","0.9","approved"
"PARA-0013-I002","I002","PARA-0013-S01","2","and projections for 2050","and the projected distributions for 2050","1","PARALLEL_CHART_ACTUAL_AND_PROJECTED_DISTRIBUTIONS","「and projections for 2050」在此應改為「and the projected distributions for 2050」。前面描述的是 2000 年的年齡分布，後面亦應使用平行名詞詞組表示 2050 年的預測分布。 projected 是形容詞，修飾 distributions。若圖表實際展示其他預測數據，中心名詞須按原圖調整。","[]","0.9","approved"
"PARA-0013-I003","I003","PARA-0013-S02","1","Yemen residents","Yemen's population","1","NOUN_COUNTRY_POPULATION_POSSESSIVE","「Yemen residents」在此應改為「Yemen's population」。比較國家的人口結構時，可用 country's population。Yemen residents 缺乏標準的國籍形容詞或所有格形式。其他正確寫法包括 Yemeni residents 和 the residents of Yemen。","[]","0.9","approved"
"PARA-0013-I004","I004","PARA-0013-S02","2","is","was","1","TENSE_PAST_DATA_YEAR_WAS","「is」在此應改為「was」。句子明確描述 2000 年的情況，因此使用過去式 was。後面的 2050 年預測則使用將來或預測結構。","[]","0.9","approved"
"PARA-0013-I005","I005","PARA-0013-S02","3","Italy","Italy's","1","COMP_POPULATION_POSSESSIVE_ELLIPSIS","「Italy」在此應改為「Italy's」。前面比較的是 Yemen's population，所以後面也要比較 Italy 的人口，而不是把人口直接與國家比較。 Italy's 省略了重複的 population。公式： A's population is younger than B's.","[]","0.9","approved"
"PARA-0013-I006","I006","PARA-0013-S02","4","this","and this","1","PUNCT_COMMA_SPLICE_COORDINATOR_AND","「this」在此應改為「and this」。前後都是完整主句，不能只用逗號連接。加入 and 後，兩個主句形成正確的並列結構。分號或句號也是可接受替代。","[]","0.9","approved"
"PARA-0013-I007","I007","PARA-0013-S02","5","pattern","contrast","1","WORDCHOICE_CONTRAST_NOT_PATTERN","「pattern」在此應改為「contrast」。本句描述的是兩國人口年齡結構之間的差異，因此 contrast 較能準確指回前面的比較。 pattern 本身不是文法錯誤，但未清楚表示哪一種模式正在改變。","[]","0.9","approved"
"PARA-0013-I008","I008","PARA-0013-S02","6","keep diversifying","is expected to become more pronounced","1","TENSE_PROJECTION_EXPECTED_TO_BECOME","「keep diversifying」在此應改為「is expected to become more pronounced」。diversify 通常表示種類變得更多，不適合直接描述兩國差異擴大。 2050 年亦是預測數據，因此使用 is expected to + 動詞原形。若原意只是差異持續存在，也可寫 is expected to continue。","[]","0.9","approved"
"PARA-0013-I009","I009","PARA-0013-S02","7","to 2050","by 2050","1","PREP_BY_FUTURE_DEADLINE","「to 2050」在此應改為「by 2050」。表示某種狀況在 2050 年之前或到該年時形成，用 by 2050。to 2050 通常需要由 from 配對，如 from 2000 to 2050。","[]","0.9","approved"
"PARA-0013-I010","I010","PARA-0013-S03","1","country","countries","1","NOUN_BOTH_PLURAL_COUNT_NOUN","「country」在此應改為「countries」。both 表示兩者，後面接複數可數名詞，所以寫 both countries。","[]","0.9","approved"
"PARA-0013-I011","I011","PARA-0013-S03","2","aged","age","1","TO_BASE_VERB","「aged」在此應改為「age」。to 不定詞後面使用動詞原形。這裡 age 作動詞，表示人口結構逐漸老化，所以寫 projected to age。","[]","0.9","approved"
"PARA-0013-I012","I012","PARA-0013-S03","3","groups,","age group","1","NOUN_SINGLE_OLDER_AGE_GROUP","「groups,」在此應改為「age group」。根據本段列出的三個年齡組別，Italy 的較年長組別似乎只指 60 歲或以上的一組，因此使用單數 older age group。 若原圖真的把長者細分成多組，複數則可能正確。","[]","0.9","approved"
"PARA-0013-I013","I013","PARA-0013-S03","4","Italy,","Italy","1","PUNCT_RESTRICTIVE_PREPOSITIONAL_PHRASE_NO_PARENTHESES","「Italy,」在此應改為「Italy」。in Italy 用來說明是哪一個國家的較年長組別，是必要的限定資料，不應用兩個逗號把它當作可刪除的插入語。","[]","0.9","approved"
"PARA-0013-I014","I014","PARA-0013-S03","5","lager","larger","1","SPELLING_LARGER","「lager」在此應改為「larger」。表示比例較大，要寫 larger。lager 是一種啤酒，屬於另一個真實英文詞。","[]","0.9","approved"
"PARA-0013-I015","I015","PARA-0013-S04","1","the population of 0-14 years old","people aged 0–14","1","AGE_PEOPLE_AGED_RANGE","「the population of 0-14 years old」在此應改為「people aged 0–14」。表示某個年齡範圍內的人，可用 people aged + 年齡範圍。 years old 通常放在明確年齡後作表語，例如 They are 14 years old，不能直接寫 population of 0–14 years old。","[]","0.9","approved"
"PARA-0013-I016","I016","PARA-0013-S04","2","is almost one-half, got 50.1%","accounted for 50.1% of the population","1","COLLOC_ACCOUNT_FOR_PERCENTAGE","「is almost one-half, got 50.1%」在此應改為「accounted for 50.1% of the population」。圖表寫作中，表示某組別佔整體某個百分比，可用 account for + 百分比 + of the total/population。 2000 年是過去數據，所以用 accounted for。 got 50.1% 不適合描述人口比例。","[]","0.9","approved"
"PARA-0013-I017","I017","PARA-0013-S04","3","more than","higher than","1","COMP_PERCENTAGE_HIGHER_THAN","「more than」在此應改為「higher than」。比較數字、比例或百分比時，通常用 higher than。 more than 並非必然錯誤，但更常表示數量超過某個數值， 而不是比較兩個比例。","[]","0.9","approved"
"PARA-0013-I018","I018","PARA-0013-S04","4","15-59 years old 46.3%","the 46.3% recorded for those aged 15–59","1","COMP_FIGURE_FOR_GROUP","「15-59 years old 46.3%」在此應改為「the 46.3% recorded for those aged 15–59」。higher than 後面需要明確的比較對象。目標句先寫百分比，再用 recorded for those aged 15–59 說明該數字屬於哪個組別。","[]","0.9","approved"
"PARA-0013-I019","I019","PARA-0013-S06","1","15-59 age group will exceed 0-14 years old","15–59 age group will exceed the 0–14 age group","1","AGE_RANGE_ATTRIBUTIVE_AGE_GROUP","「15-59 age group will exceed 0-14 years old」在此應改為「15–59 age group will exceed the 0–14 age group」。年齡範圍放在 age group 前作修飾語時，不使用 years old。公式：the 0–14 age group。 對照： children who are 14 years old。","[]","0.9","approved"
"PARA-0013-I020","I020","PARA-0013-S06","2","to 57.3%","and rise to 57.3%","1","VERB_EXCEED_OBJECT_AND_RISE_TO_PERCENT","「to 57.3%」在此應改為「and rise to 57.3%」。exceed 是及物動詞，直接接被超越的對象： exceed the 0–14 age group。 表示比例上升至某個終點，則用另一個動詞 rise to 57.3%。 不能把兩個結構混合成 exceed X to 57.3%。","[]","0.9","approved"
"PARA-0013-I021","I021","PARA-0013-S08","1","15-59 years old age group","15–59 age group","1","AGE_RANGE_ATTRIBUTIVE_AGE_GROUP","「15-59 years old age group」在此應改為「15–59 age group」。年齡範圍已經修飾 age group， 所以刪除 years old。這是 S06 同一規則在不同國家和句子位置的轉移案例。","[]","0.9","approved"
"PARA-0013-I022","I022","PARA-0013-S08","2","keep being","is expected to remain","1","TENSE_CHART_EXPECTED_TO_REMAIN","「keep being」在此應改為「is expected to remain」。主語 age group 是單數，因此原本至少要寫 keeps； 但本句同時描述 2050 年的預測，正式圖表寫作更適合使用 is expected to remain。keeps being 在某些一般語境中可以成立，但不適合這個預測框架。","[]","0.9","approved"
"PARA-0013-I023","I023","PARA-0013-S08","3","slice","segment","1","COLLOC_CHART_SEGMENT_NOT_SLICE","「slice」在此應改為「segment」。slice 可以描述圓形圖中的一塊，因此並非文法錯誤；不過正式報告通常用 segment、 category 或 age group。 這項修改屬圖表語域建議。","[]","0.9","approved"
"PARA-0013-I024","I024","PARA-0013-S08","4","from 2000 to 2050","in both 2000 and 2050","1","TIME_CHART_TWO_SNAPSHOTS_IN_BOTH_YEARS","「from 2000 to 2050」在此應改為「in both 2000 and 2050」。圖表只提供 2000 和 2050 兩個時間點時， in both 2000 and 2050 不會暗示中間每一年都有數據。若圖表真的展示連續趨勢， from 2000 to 2050 可以保留。","[]","0.9","approved"
"PARA-0013-I025","I025","PARA-0013-S09","1","Although it","It","1","CLAUSE_SUBORDINATOR_FRAGMENT_REMOVE_ALTHOUGH","「Although it」在此應改為「It」。although 會把後面的內容變成從屬分句，因此不能單獨成句。最小修正是刪除 Although。另一個正確方案是把它接回上一句：..., although it is predicted to fall...。","[]","0.9","approved"
"PARA-0013-I026","I026","PARA-0013-S09","2","predicted","is predicted","1","PASSIVE_PREDICT_BE_PARTICIPLE","「predicted」在此應改為「is predicted」。這個年齡組是「被預測」下降，因此使用被動語態 be + 過去分詞：is predicted。","[]","0.9","approved"
"PARA-0013-I027","I027","PARA-0013-S10","1","The elderly group","The proportion of elderly residents","1","NOUN_CHART_PROPORTION_OF_ELDERLY_RESIDENTS","「The elderly group」在此應改為「The proportion of elderly residents」。百分比由 24.1% 變成 42.3%， 真正變化的是長者所佔的比例，而不是長者這個群體本身「加倍」。原寫法可理解，但目標寫法在統計上更精確。","[]","0.9","approved"
"PARA-0013-I028","I028","PARA-0013-S10","2","almost doubled","is projected to almost double","1","TENSE_PROJECTION_IS_PROJECTED_TO_DOUBLE","「almost doubled」在此應改為「is projected to almost double」。42.3% 是 2050 年的預測值，因此不能使用表示已完成過去事件的 doubled。使用 is projected to + 動詞原形表達預測。","[]","0.9","approved"
"PARA-0013-I029","I029","PARA-0013-S11","1","youngster","youngest age","1","WORDFORM_SUPERLATIVE_YOUNGEST_AGE_GROUP","「youngster」在此應改為「youngest age」。youngster 指一名年輕人，不能自然地表示三個年齡分類中最年輕的一組。使用最高級形容詞 youngest 修飾 age group。","[]","0.9","approved"
"PARA-0013-I030","I030","PARA-0013-S11","2","has nearly remain unchanged","is projected to remain relatively stable","1","TENSE_PROJECTION_REMAIN_STABLE","「has nearly remain unchanged」在此應改為「is projected to remain relatively stable」。has 後面本應使用過去分詞 remained，但本句包含 2050 年預測，因此現在完成式亦不合適。目標句使用 is projected to remain。 relatively stable 也容許比例有輕微變化。","[]","0.9","approved"
"PARA-0013-I031","I031","PARA-0013-S11","3","through the prediction","over the period","1","PREP_OVER_PERIOD","「through the prediction」在此應改為「over the period」。prediction 是預測內容，不是一段時間。表示數據在整個時間範圍內維持穩定，可用 over the period 或 throughout the period。","[]","0.9","approved"
"PARA-0013-I032","I032","PARA-0013-S11","4","just shrink","shrinking only","1","PARTICIPLE_SUPPLEMENTARY_SHRINKING","「just shrink」在此應改為「shrinking only」。逗號後面的部分補充說明「保持相對穩定」的具體變化，可用現在分詞 shrinking。 only slightly 修飾縮減程度。另一個正確寫法是 and is expected to shrink only slightly。","[]","0.9","approved"
"PARA-0014-I001","I001","PARA-0014-S02","1","Not until the exhibition opened residents realised","Not until the exhibition opened did residents realise","1","CLAUSE_NOT_UNTIL_INITIAL_MAIN_INVERSION","「Not until the exhibition opened residents realised」在此應改為「Not until the exhibition opened did residents realise」。Not until + 分句放在句首時，後面的主句要使用助動詞倒裝： did + 主語 + 動詞原形。若放在句尾，則不用倒裝： Residents did not realise it until the exhibition opened.","[]","0.9","approved"
"PARA-0014-I002","I002","PARA-0014-S03","1","Rarely the museum had received","Rarely had the museum received","1","CLAUSE_RARELY_INITIAL_PAST_PERFECT_INVERSION","「Rarely the museum had received」在此應改為「Rarely had the museum received」。Rarely 等具否定或限制意思的副詞放在句首時，要把助動詞放到主語前。這裡原本是過去完成式，所以寫 Rarely had the museum received...。","[]","0.9","approved"
"PARA-0014-I003","I003","PARA-0014-S03","2","worked hardly","worked hard","1","ADVERB_HARD_NOT_HARDLY_EFFORT","「worked hardly」在此應改為「worked hard」。hard 可作副詞，表示努力地； hardly 表示「幾乎不」。因此 worked hardly 會變成幾乎沒有工作，不符合原意。","[]","0.9","approved"
"PARA-0014-I004","I004","PARA-0014-S04","1","had better to confirm","had better confirm","1","MODAL_HAD_BETTER_BASE_VERB","「had better to confirm」在此應改為「had better confirm」。had better 後面直接使用動詞原形，不加 to。公式： had better + 動詞原形。","[]","0.9","approved"
"PARA-0014-I005","I005","PARA-0014-S04","2","it's label","its label","1","POSSESSIVE_ITS_NO_APOSTROPHE","「it's label」在此應改為「its label」。its 是所有格限定詞，表示「它的」； it's 是 it is 或 it has 的縮寫。名詞 label 前要用 its。","[]","0.9","approved"
"PARA-0014-I006","I006","PARA-0014-S05","1","records need to digitise","records need to be digitised","1","INFINITIVE_NEED_PASSIVE_TO_BE_PARTICIPLE","「records need to digitise」在此應改為「records need to be digitised」。records 是被數碼化的事物，所以要用被動不定詞： need to be + 過去分詞。另一個正確寫法是 The staff need to digitise the records.","[]","0.9","approved"
"PARA-0014-I007","I007","PARA-0014-S05","2","worth to restore","worth restoring","1","ADJ_WORTH_GERUND","「worth to restore」在此應改為「worth restoring」。worth 後面接名詞或動名詞，不接 to 不定詞。公式：be worth + 動名詞。也可寫 It is worthwhile to restore the films.","[]","0.9","approved"
"PARA-0014-I008","I008","PARA-0014-S06","1","had a technician to repair","had a technician repair","1","CAUSATIVE_HAVE_NP_BASE_VERB","「had a technician to repair」在此應改為「had a technician repair」。主動使役結構使用 have + 人 + 動詞原形，所以不加 to。 若重點是物件接受維修，可寫 had the scanner repaired。","[]","0.9","approved"
"PARA-0014-I009","I009","PARA-0014-S06","2","got a volunteer install","got a volunteer to install","1","CAUSATIVE_GET_NP_TO_INFINITIVE","「got a volunteer install」在此應改為「got a volunteer to install」。get 表示說服或安排某人做事時，使用 get + 人 + to + 動詞原形。 它與 have + 人 + 動詞原形的結構不同。","[]","0.9","approved"
"PARA-0014-I010","I010","PARA-0014-S07","1","needn't stayed","needn't have stayed","1","MODAL_NEEDNT_HAVE_PAST_PARTICIPLE","「needn't stayed」在此應改為「needn't have stayed」。表示某人實際做了某件事，但事後發現沒有必要，用 needn't have + 過去分詞。 didn't need to stay 可能表示根本沒有留下，意思不同。","[]","0.9","approved"
"PARA-0014-I011","I011","PARA-0014-S08","1","Under no circumstances visitors should remove","Under no circumstances should visitors remove","1","CLAUSE_UNDER_NO_CIRCUMSTANCES_INVERSION","「Under no circumstances visitors should remove」在此應改為「Under no circumstances should visitors remove」。Under no circumstances 放在句首時，主句使用助動詞倒裝： should + 主語 + 動詞原形。","[]","0.9","approved"
"PARA-0014-I012","I012","PARA-0014-S08","2","nor they may photograph","nor may they photograph","1","CLAUSE_NOR_AUXILIARY_INVERSION","「nor they may photograph」在此應改為「nor may they photograph」。nor 接續另一個否定分句時，通常使用助動詞倒裝：nor + 助動詞 + 主語。","[]","0.9","approved"
"PARA-0014-I013","I013","PARA-0014-S09","1","turn off them","turn them off","1","PHRASAL_SEPARABLE_PRONOUN_BETWEEN_VERB_PARTICLE","「turn off them」在此應改為「turn them off」。turn off 是可分片語動詞。賓語是代名詞時，代名詞必須放在動詞和粒子之間： turn them off。完整名詞則兩種位置都可： turn off the devices／turn the devices off。","[]","0.9","approved"
"PARA-0014-I014","I014","PARA-0014-S09","2","look their children after","look after their children","1","PHRASAL_LOOK_AFTER_INSEPARABLE","「look their children after」在此應改為「look after their children」。look after 是不可分的介詞片語動詞，賓語要放在整個結構後面。不能把 their children 插入 look 和 after 之間。","[]","0.9","approved"
"PARA-0014-I015","I015","PARA-0014-S11","1","A number of applications was","A number of applications were","1","SVA_A_NUMBER_OF_PLURAL_VERB","「A number of applications was」在此應改為「A number of applications were」。a number of + 複數名詞表示若干個，意思接近 several， 因此使用複數動詞。不要與 the number of 混淆。","[]","0.9","approved"
"PARA-0014-I016","I016","PARA-0014-S11","2","the number of rejections were","the number of rejections was","1","SVA_THE_NUMBER_OF_SINGULAR_VERB","「the number of rejections were」在此應改為「the number of rejections was」。the number of... 的中心詞是單數 number，所以用單數動詞 was。後面的複數 rejections 不控制動詞。","[]","0.9","approved"
"PARA-0014-I017","I017","PARA-0014-S12","1","More than one volunteers were","More than one volunteer was","1","SVA_MORE_THAN_ONE_SINGULAR_NOUN_VERB","「More than one volunteers were」在此應改為「More than one volunteer was」。固定結構 more than one 後面使用單數可數名詞，並通常配合單數動詞：more than one volunteer was...。","[]","0.9","approved"
"PARA-0014-I018","I018","PARA-0014-S12","2","one of those assistants who works","one of those assistants who work","1","SVA_ONE_OF_THOSE_WHO_PLURAL_RELATIVE_VERB","「one of those assistants who works」在此應改為「one of those assistants who work」。關係代名詞 who 的先行詞是複數 those assistants，所以關係分句用 work。Lena 是這群會留至很晚工作的助理之一。","[]","0.9","approved"
"PARA-0014-I019","I019","PARA-0014-S13","1","coordinator who know","coordinator who knows","1","SVA_RELATIVE_SINGULAR_ANTECEDENT_S_FORM","「coordinator who know」在此應改為「coordinator who knows」。who 指回單數 coordinator，因此一般現在式用第三身單數 knows。","[]","0.9","approved"
"PARA-0014-I020","I020","PARA-0014-S13","2",", together with two interns, have prepared",", together with two interns, has prepared","1","SVA_TOGETHER_WITH_HEAD_SUBJECT","「, together with two interns, have prepared」在此應改為「, together with two interns, has prepared」。together with two interns 是附加資料，不會把主語變成複數。真正的中心主語是單數 coordinator，所以用 has。","[]","0.9","approved"
"PARA-0014-I021","I021","PARA-0014-S14","1","Either the interns or the archivist are","Either the interns or the archivist is","1","SVA_EITHER_OR_NEAREST_SUBJECT","「Either the interns or the archivist are」在此應改為「Either the interns or the archivist is」。在 either A or B 結構中，動詞通常配合較接近它的主語。最近的是單數 archivist，所以用 is。為避免不自然，也可改寫為 Either the archivist or the interns are...。","[]","0.9","approved"
"PARA-0014-I022","I022","PARA-0014-S15","1","Ten kilometres are too far","Ten kilometres is too far","1","SVA_MEASURE_DISTANCE_SINGULAR","「Ten kilometres are too far」在此應改為「Ten kilometres is too far」。一段距離被視為一個整體量度時，使用單數動詞。比較： Ten kilometres of roads were repaired 中，主語是複數道路。","[]","0.9","approved"
"PARA-0014-I023","I023","PARA-0014-S15","2","three hundred pounds were enough","three hundred pounds was enough","1","SVA_MEASURE_MONEY_AMOUNT_SINGULAR","「three hundred pounds were enough」在此應改為「three hundred pounds was enough」。一筆金額被視為一個整體數量時，用單數動詞 was。若指多枚實體硬幣，複數動詞才可能合適。","[]","0.9","approved"
"PARA-0014-I024","I024","PARA-0014-S16","1","The news were welcomed","The news was welcomed","1","SVA_NEWS_SINGULAR","「The news were welcomed」在此應改為「The news was welcomed」。news 雖然以 s 結尾，但在標準英文中是不可數單數名詞，因此配合 was。","[]","0.9","approved"
"PARA-0014-I025","I025","PARA-0014-S16","2","two-thirds of the equipment were","two-thirds of the equipment was","1","SVA_FRACTION_UNCOUNTABLE_HEAD_SINGULAR","「two-thirds of the equipment were」在此應改為「two-thirds of the equipment was」。分數結構的動詞配合 of 後面的名詞。 equipment 是不可數單數，所以用 was。","[]","0.9","approved"
"PARA-0014-I026","I026","PARA-0014-S16","3","half of the volunteers was","half of the volunteers were","1","SVA_FRACTION_PLURAL_HEAD_PLURAL","「half of the volunteers was」在此應改為「half of the volunteers were」。volunteers 是複數，因此 half of the volunteers 配合複數動詞 were。","[]","0.9","approved"
"PARA-0014-I027","I027","PARA-0014-S17","1","twice more efficient than","twice as efficient as","1","COMP_MULTIPLIER_TWICE_AS_ADJECTIVE_AS","「twice more efficient than」在此應改為「twice as efficient as」。表示倍數比較時，標準結構是 twice as + 形容詞 + as。twice more efficient than 容易造成倍數意思不清。","[]","0.9","approved"
"PARA-0014-I028","I028","PARA-0014-S17","2","superior than","superior to","1","COMP_SUPERIOR_TO","「superior than」在此應改為「superior to」。superior 的比較搭配使用 to，不用 than。相同規則亦常見於 inferior to、senior to。","[]","0.9","approved"
"PARA-0014-I029","I029","PARA-0014-S17","3","the earlier model","that of the earlier model","1","COMP_ELLIPSIS_THAT_OF_SINGULAR_NOUN","「the earlier model」在此應改為「that of the earlier model」。要比較的是兩部掃描器的 output， 而不是把 output 與 model 比較。that 代替已出現的單數名詞 output： that of the earlier model。","[]","0.9","approved"
"PARA-0014-I030","I030","PARA-0014-S18","1","the same with","the same as","1","COMP_SAME_AS","「the same with」在此應改為「the same as」。表示兩者相同時，使用 the same as。with 可出現在 share something with 等其他結構，但不適用於這個比較框架。","[]","0.9","approved"
"PARA-0014-I031","I031","PARA-0014-S18","2","too much expensive","much too expensive","1","DEGREE_MUCH_TOO_ADJECTIVE","「too much expensive」在此應改為「much too expensive」。too 修飾形容詞 expensive； much 再加強 too，所以詞序是 much too + 形容詞。too much 則通常修飾不可數名詞，例如 too much money。","[]","0.9","approved"
"PARA-0014-I032","I032","PARA-0014-S19","1","provides","provided","1","MOOD_HIGH_TIME_PAST","「provides」在此應改為「provided」。It is high time + 主語 + 過去式表示某事早就應該發生。這個過去式表達的是現在的迫切需要，不是過去時間。","[]","0.9","approved"
"PARA-0014-I033","I033","PARA-0014-S19","2","it","it had","1","MOOD_WISH_PAST_REGRET_PAST_PERFECT","「it」在此應改為「it had」。對已經沒有發生的過去事情表示遺憾，用 wish + 主語 + had + 過去分詞。","[]","0.9","approved"
"PARA-0014-I034","I034","PARA-0014-S20","1","If only the finance team released","If only the finance team had released","1","MOOD_IF_ONLY_PAST_REGRET_PAST_PERFECT","「If only the finance team released」在此應改為「If only the finance team had released」。If only 表示對過去事實的遺憾時，使用過去完成式。結果分句的 would not have been delayed 亦顯示這是過去反事實情況。","[]","0.9","approved"
"PARA-0014-I035","I035","PARA-0014-S21","1","Were it not for donations, the archive will close","Were it not for donations, the archive would close","1","CONDITIONAL_INVERTED_WERE_WOULD","「Were it not for donations, the archive will close」在此應改為「Were it not for donations, the archive would close」。Were it not for... 相當於 If it were not for...，是現在或未來的反事實條件，因此結果部分用 would + 動詞原形。","[]","0.9","approved"
"PARA-0014-I036","I036","PARA-0014-S22","1","Should any donor will object","Should any donor object","1","CONDITIONAL_INVERTED_SHOULD_BASE_VERB","「Should any donor will object」在此應改為「Should any donor object」。Should + 主語 + 動詞原形是正式的倒裝條件句，相當於 If any donor should object。 should 後面不能再加入 will。","[]","0.9","approved"
"PARA-0014-I037","I037","PARA-0014-S23","1","Unless the server does not fail","Unless the server fails","1","CONJ_UNLESS_NO_REDUNDANT_NEGATION","「Unless the server does not fail」在此應改為「Unless the server fails」。unless 本身已表示「如果不」，一般不再加入否定詞。unless it fails 即「除非它發生故障」。只有在刻意表達另一層否定意思時才可能保留 not。","[]","0.9","approved"
"PARA-0014-I038","I038","PARA-0014-S23","2","in case the database will become unavailable","in case the database becomes unavailable","1","CLAUSE_IN_CASE_FUTURE_PRESENT","「in case the database will become unavailable」在此應改為「in case the database becomes unavailable」。in case 引出的未來可能情況通常用一般現在式，不用 will。主句可保留將來式。","[]","0.9","approved"
"PARA-0014-I039","I039","PARA-0014-S24","1","depends on if","depends on whether","1","CLAUSE_PREPOSITION_WHETHER_NOT_IF","「depends on if」在此應改為「depends on whether」。疑問分句直接放在介詞 on 後面時，標準寫法使用 whether。if 一般不能直接跟在介詞後。","[]","0.9","approved"
"PARA-0014-I040","I040","PARA-0014-S25","1","is because","is that","1","CLAUSE_REASON_WHY_IS_THAT","「is because」在此應改為「is that」。正式標準結構是 The reason why... is that + 分句。because 本身表示原因，在 reason is because 中形成重複。非正式英文偶爾可見原寫法，因此新規則宜先設為 suggestion-only。","[]","0.9","approved"
"PARA-0014-I041","I041","PARA-0014-S26","1","when","that","1","CLEFT_IT_WAS_NOT_UNTIL_THAT","「when」在此應改為「that」。強調句型固定使用 It was not until X that Y。 when 可引出普通時間分句，但不能取代這個強調結構中的 that。","[]","0.9","approved"
"PARA-0014-I042","I042","PARA-0014-S27","1","What the project now needs are a permanent funding arrangement","What the project now needs is a permanent funding arrangement","1","PSEUDOCLEFT_WHAT_CLAUSE_SINGULAR_IS","「What the project now needs are a permanent funding arrangement」在此應改為「What the project now needs is a permanent funding arrangement」。What the project now needs 是融合關係分句，在這裡指一項需要；後面的表語也是單數 a... arrangement，因此用 is。","[]","0.9","approved"
"PARA-0014-I043","I043","PARA-0014-S28","1","So complicated the forms were","So complicated were the forms","1","CLAUSE_SO_ADJECTIVE_INVERSION","「So complicated the forms were」在此應改為「So complicated were the forms」。So + 形容詞放在句首以加強語氣時，使用主語與 be 的倒裝：So complicated were the forms that...。","[]","0.9","approved"
"PARA-0014-I044","I044","PARA-0014-S28","2","such the confusion was","such was the confusion","1","CLAUSE_SUCH_WAS_NOUN_INVERSION","「such the confusion was」在此應改為「such was the confusion」。正式強調結構是 Such was + 名詞詞組 + that...，表示程度非常高。不可把 the confusion 放在 was 前。","[]","0.9","approved"
"PARA-0014-I045","I045","PARA-0014-S29","1","Whomever wants","Whoever wants","1","PRONOUN_WHOEVER_SUBJECT_CASE","「Whomever wants」在此應改為「Whoever wants」。融合關係詞在內部分句中是 wants 的主語，因此使用主格 whoever。 whomever 只適合在內部分句中擔任賓語的正式用法。","[]","0.9","approved"
"PARA-0014-I046","I046","PARA-0014-S29","2","all what families reject","all that families reject","1","CLAUSE_ALL_THAT_NOT_ALL_WHAT","「all what families reject」在此應改為「all that families reject」。all 後面接關係分句時使用 that，不用 what。另一個正確寫法是 everything that families reject 或 what families reject，但不能把 all 和 what 疊用。","[]","0.9","approved"
"PARA-0014-I047","I047","PARA-0014-S30","1","The way how volunteers describe","The way in which volunteers describe","1","CLAUSE_THE_WAY_IN_WHICH_NOT_HOW","「The way how volunteers describe」在此應改為「The way in which volunteers describe」。標準寫法可用 the way in which...、 the way... 或單獨的 how...。一般不使用重複的 the way how...。","[]","0.9","approved"
"PARA-0014-I048","I048","PARA-0014-S30","2","the fact of that","the fact that","1","NOUN_FACT_THAT_CLAUSE_NO_OF","「the fact of that」在此應改為「the fact that」。名詞 fact 後面直接由 that 引出同位內容分句，不加入 of。 the fact of the matter 則是另一個名詞結構。","[]","0.9","approved"
"PARA-0014-I049","I049","PARA-0014-S31","1","has made research","has conducted research","1","COLLOC_CONDUCT_RESEARCH","「has made research」在此應改為「has conducted research」。research 通常配合 conduct、 carry out 或 do，不使用 make research。 do research 也是正確替代。","[]","0.9","approved"
"PARA-0014-I050","I050","PARA-0014-S31","2","done progress","made progress","1","COLLOC_MAKE_PROGRESS","「done progress」在此應改為「made progress」。固定搭配是 make progress。 progress 在這裡通常是不可數名詞，不寫 do progress 或 make a progress。","[]","0.9","approved"
"PARA-0014-I051","I051","PARA-0014-S31","3","take into consideration of costs","take into consideration costs","1","COLLOC_TAKE_INTO_CONSIDERATION_NO_OF","「take into consideration of costs」在此應改為「take into consideration costs」。take into consideration 後面直接接考慮的事項，不加 of。較常見的另一詞序是 take costs into consideration。","[]","0.9","approved"
"PARA-0014-I052","I052","PARA-0014-S31","4","pay attention on security","pay attention to security","1","PREP_PAY_ATTENTION_TO","「pay attention on security」在此應改為「pay attention to security」。固定搭配是 pay attention to + 名詞／動名詞。這裡的 to 是介詞。","[]","0.9","approved"
"PARA-0014-I053","I053","PARA-0014-S32","1","colleague of me","colleague of mine","1","PRONOUN_DOUBLE_GENITIVE_OF_MINE","「colleague of me」在此應改為「colleague of mine」。a colleague of... 後面使用獨立所有格代名詞 mine，形成雙重所有格。也可寫 my colleague， 但兩者在語境上可能略有差別。","[]","0.9","approved"
"PARA-0014-I054","I054","PARA-0014-S32","2","somebody's else responsibility","somebody else's responsibility","1","POSSESSIVE_INDEFINITE_PRONOUN_ELSES","「somebody's else responsibility」在此應改為「somebody else's responsibility」。else 跟在 somebody、 anyone 等不定代名詞後時，所有格標記加在整個詞組末端： somebody else's。","[]","0.9","approved"
"PARA-0014-I055","I055","PARA-0014-S33","1","Myself and the curator disagreed","The curator and I disagreed","1","PRONOUN_REFLEXIVE_NOT_COORDINATED_SUBJECT","「Myself and the curator disagreed」在此應改為「The curator and I disagreed」。反身代名詞 myself 不能只為了顯得正式而代替主格 I。整個並列詞組是主語，所以用 the curator and I。","[]","0.9","approved"
"PARA-0014-I056","I056","PARA-0014-S33","2","the chair asked myself","the chair asked me","1","PRONOUN_REFLEXIVE_REQUIRES_COREFERENCE","「the chair asked myself」在此應改為「the chair asked me」。反身代名詞要與同一分句的主語指向同一人，例如 I asked myself。這裡主語是 the chair，受詞是作者，所以用 me。","[]","0.9","approved"
"PARA-0014-I057","I057","PARA-0014-S34","1","an","some","1","COUNT_ADVICE_UNCOUNTABLE_SOME","「an」在此應改為「some」。advice 是不可數名詞，不能直接配合 an。可寫 some advice、a piece of advice 或直接 advice。","[]","0.9","approved"
"PARA-0015-I001","I001","PARA-0015-S01","1","The Northbridge University","Northbridge University","1","ARTICLE_PROPER_INSTITUTION_NORTHBRIDGE_ZERO","「The Northbridge University」在此應改為「Northbridge University」。Northbridge University 是本資料集指定的完整校名，前面不加 the。正式機構名稱的冠詞屬於名稱本身，系統必須先確認官方寫法，不可只看 University 自動刪除冠詞。","[]","0.9","approved"
"PARA-0015-I002","I002","PARA-0015-S01","2","has begun","began","1","TENSE_PAST_SIMPLE_FINISHED_TIME","「has begun」在此應改為「began」。in September 2023 是已完成的明確過去時間，一般使用過去式 began， 不用現在完成式。公式：明確過去時間 + 過去式。","[]","0.9","approved"
"PARA-0015-I003","I003","PARA-0015-S01","3","the September 2023","September 2023","1","ARTICLE_MONTH_NAME_ZERO","「the September 2023」在此應改為「September 2023」。月份名稱直接與年份配合時通常不用冠詞：in September 2023。若有修飾語，可寫 in the September of that year，但意思和結構不同。","[]","0.9","approved"
"PARA-0015-I004","I004","PARA-0015-S02","1","Since then, the scheme attracted","Since then, the scheme has attracted","1","TENSE_PRESENT_PERFECT_SINCE_THEN","「Since then, the scheme attracted」在此應改為「Since then, the scheme has attracted」。Since then 表示由過去某點延續至現在，通常使用現在完成式：has attracted。若敘述的參考時間也在過去，過去完成式可能更合適。","[]","0.9","approved"
"PARA-0015-I005","I005","PARA-0015-S02","2","from United Kingdom","from the United Kingdom","1","ARTICLE_COUNTRY_UNITED_KINGDOM_THE","「from United Kingdom」在此應改為「from the United Kingdom」。國名 the United Kingdom 固定帶 the。國名冠詞應按已核准的專名資料處理，不宜推廣成所有國名都加 the。","[]","0.9","approved"
"PARA-0015-I006","I006","PARA-0015-S02","3","Netherlands","the Netherlands","1","ARTICLE_COUNTRY_NETHERLANDS_THE","「Netherlands」在此應改為「the Netherlands」。標準國名是 the Netherlands。對照： France、 Japan 等大部分國名不用冠詞。","[]","0.9","approved"
"PARA-0015-I007","I007","PARA-0015-S03","1","attend the university","attend university","1","ARTICLE_INSTITUTION_UNIVERSITY_ZERO_STUDENT_ROLE","「attend the university」在此應改為「attend university」。英式英文中，表示以學生身分接受大學教育時，可使用零冠詞： attend university／go to university。若指某間特定大學， attend the university 也可能成立。","[]","0.9","approved"
"PARA-0015-I008","I008","PARA-0015-S03","2","come to university for public lectures","come to the university for public lectures","1","ARTICLE_SPECIFIC_UNIVERSITY_THE_VISIT","「come to university for public lectures」在此應改為「come to the university for public lectures」。訪客不是以學生身分「上大學」，而是前往前文所指的特定大學參加講座，因此使用 the university。判斷取決於人物角色和目的。","[]","0.9","approved"
"PARA-0015-I009","I009","PARA-0015-S04","1","The Professor Malik","Professor Malik","1","ARTICLE_TITLE_NAME_ZERO","「The Professor Malik」在此應改為「Professor Malik」。職銜直接放在人名之前時通常不用冠詞： Professor Malik、 Dr Chen。若沒有姓名，可以寫 the professor。","[]","0.9","approved"
"PARA-0015-I010","I010","PARA-0015-S04","2","programme director","the programme director","1","APPOSITION_UNIQUE_ROLE_THE_AND_COMMAS","「programme director」在此應改為「the programme director」。the programme director 是補充說明 Professor Malik 身分的非限制性同位語。它指一個特定職位，因此使用 the，並由逗號分隔。","[]","0.9","approved"
"PARA-0015-I011","I011","PARA-0015-S04","3","has received","had received","1","REPORTED_SPEECH_BACKSHIFT_PRESENT_PERFECT_TO_PAST_PERFECT","「has received」在此應改為「had received」。主句使用過去式 said，而收取申請發生在說話之前，因此可回移為過去完成式 had received。如果內容仍屬當前有效事實，有時可以不回移。","[]","0.9","approved"
"PARA-0015-I012","I012","PARA-0015-S04","4","a great deal of applications","a large number of applications","1","QUANTIFIER_GREAT_DEAL_UNCOUNTABLE_NOT_APPLICATIONS","「a great deal of applications」在此應改為「a large number of applications」。a great deal of 修飾不可數名詞； applications 是複數可數名詞，所以用 a large number of。對照： a great deal of interest。","[]","0.9","approved"
"PARA-0015-I013","I013","PARA-0015-S04","5","few funding","a little funding","1","QUANTIFIER_FEW_LITTLE_UNCOUNTABLE_FUNDING","「few funding」在此應改為「a little funding」。funding 是不可數名詞，要用 little／ a little， 不用 few。原意是雖然資金不多，但仍有一些，因此選擇較正面的 a little。","[]","0.9","approved"
"PARA-0015-I014","I014","PARA-0015-S05","1","reviewed","has been reviewing","1","TENSE_PRESENT_PERFECT_PROGRESSIVE_FOR_DURATION","「reviewed」在此應改為「has been reviewing」。For the past three months 表示活動由過去持續至現在，並強調過程，因此使用現在完成進行式。若工作已經全部完成，其他時態才可能成立。","[]","0.9","approved"
"PARA-0015-I015","I015","PARA-0015-S05","2","portfolios contained","portfolios containing","1","CLAUSE_REDUCED_RELATIVE_ACTIVE_PRESENT_PARTICIPLE","「portfolios contained」在此應改為「portfolios containing」。portfolios 主動「包含」資料，所以可使用現在分詞縮減關係分句： portfolios contain ing...， 相當於 portfolios that contain...。","[]","0.9","approved"
"PARA-0015-I016","I016","PARA-0015-S05","3","analysises","analyses","1","NOUN_IRREGULAR_ANALYSIS_ANALYSES","「analysises」在此應改為「analyses」。analysis 的複數是 analyses。不能在完整單數形式後直接加-es。發音也會由單數結尾/sɪs/轉為複數/siːz/。","[]","0.9","approved"
"PARA-0015-I017","I017","PARA-0015-S06","1","is containing","contains","1","ASPECT_STATIVE_CONTAIN_SIMPLE_NOT_PROGRESSIVE","「is containing」在此應改為「contains」。contain 表示某物包含甚麼時通常是狀態動詞，用一般現在式 contains，不用進行式。當 contain 表示正在控制火勢等較動態意思時，進行式可能成立。","[]","0.9","approved"
"PARA-0015-I018","I018","PARA-0015-S06","2","criterias","criteria","1","NOUN_IRREGULAR_CRITERION_CRITERIA_PLURAL","「criterias」在此應改為「criteria」。criterion 的複數是 criteria，不寫 criterias。 twenty 後面需要複數形式。","[]","0.9","approved"
"PARA-0015-I019","I019","PARA-0015-S06","3","criteria","criterion","2","NOUN_IRREGULAR_CRITERION_CRITERIA_SINGULAR","「criteria」在此應改為「criterion」。one 後面接單數，所以使用 criterion。 criteria 是複數。","[]","0.9","approved"
"PARA-0015-I020","I020","PARA-0015-S07","1","Few","A few","1","QUANTIFIER_A_FEW_POSITIVE_SMALL_NUMBER","「Few」在此應改為「A few」。a few 表示「有一些」，帶正面存在意思；few 表示「幾乎沒有」。根據本句要指出已有一些優秀作品，使用 a few。兩者都合文法，但意思不同。","[]","0.9","approved"
"PARA-0015-I021","I021","PARA-0015-S07","2","; a",";","1","QUANTIFIER_FEW_NEGATIVE_SMALL_NUMBER","「; a」在此應改為「;」。後半句要表達能清楚解釋證據的人很少，因此用 few。若作者只是中性地說有幾人做到，a few 也正確。","[]","0.9","approved"
"PARA-0015-I022","I022","PARA-0015-S08","1","a few","little","1","QUANTIFIER_LITTLE_UNCOUNTABLE_SCARCITY","「a few」在此應改為「little」。time 在這裡是不可數名詞，所以不用 few。 little time 表示剩餘時間很少。","[]","0.9","approved"
"PARA-0015-I023","I023","PARA-0015-S08","2","few","a little","2","QUANTIFIER_A_LITTLE_UNCOUNTABLE_POSITIVE","「few」在此應改為「a little」。a little 修飾不可數名詞，表示仍有少量可用。a little extra time 與前面的 little time 形成有意義的對照。","[]","0.9","approved"
"PARA-0015-I024","I024","PARA-0015-S09","1","another","the other","1","DETERMINER_TWO_ITEMS_THE_OTHER","「another」在此應改為「the other」。已明確只有兩間房，提到其中一間後，餘下的特定一間使用 the other。 another 通常表示同類中另一個，但不一定是最後剩下的一個。","[]","0.9","approved"
"PARA-0015-I025","I025","PARA-0015-S10","1","At last","Last","1","PREP_LAST_NAMED_DAY_ZERO","「At last」在此應改為「Last」。last Monday 本身已是完整時間副詞，不在前面加 at。 比較： at six o'clock、on Monday、last Monday。","[]","0.9","approved"
"PARA-0015-I026","I026","PARA-0015-S10","2","said","told","1","REPORTING_SAY_TELL_TELL_PERSON_THAT","「said」在此應改為「told」。tell 可直接接聽者： tell someone that...。say 若要加入聽者，通常寫 say to someone that...。","[]","0.9","approved"
"PARA-0015-I027","I027","PARA-0015-S10","3","has","had","1","REPORTED_SPEECH_BACKSHIFT_PRESENT_PERFECT_TO_PAST_PERFECT","「has」在此應改為「had」。時間表在協調員通知之前已改動，因此回移成 had changed。如果改動仍被當作現在有效的新消息，保留現在完成式有時也可接受。","[]","0.9","approved"
"PARA-0015-I028","I028","PARA-0015-S11","1","failed","had failed","1","REPORTED_SPEECH_BACKSHIFT_PAST_SIMPLE_TO_PAST_PERFECT","「failed」在此應改為「had failed」。系統故障發生在她說話之前，因此使用過去完成式，清楚顯示兩個過去事件的先後次序。","[]","0.9","approved"
"PARA-0015-I029","I029","PARA-0015-S11","2","last","the previous","1","REPORTED_SPEECH_DEICTIC_LAST_TO_PREVIOUS","「last」在此應改為「the previous」。間接引述從較後的時間回顧說話內容時， last evening 常改為 the previous evening。若敘述時間仍與原說話時間相同，則不一定需要改。","[]","0.9","approved"
"PARA-0015-I030","I030","PARA-0015-S11","3","asked that","asked","1","REPORTING_ASK_WHETHER_NO_THAT","「asked that」在此應改為「asked」。ask 後面的間接是非問句直接由 whether 或 if 引出，不同時使用 that。","[]","0.9","approved"
"PARA-0015-I031","I031","PARA-0015-S12","1","do not","not to","1","REPORTING_WARN_NP_NOT_TO_INFINITIVE","「do not」在此應改為「not to」。表示警告某人不要做某事，用 warn + 人 + not to + 動詞原形。 另一個正確結構是 warn someone against doing something。","[]","0.9","approved"
"PARA-0015-I032","I032","PARA-0015-S12","2","to share","sharing","1","REPORTING_DENY_GERUND","「to share」在此應改為「sharing」。deny 表示否認做過某事時，後面接動名詞： deny doing。 也可接 that 分句，例如 denied that she had shared the files。","[]","0.9","approved"
"PARA-0015-I033","I033","PARA-0015-S13","1","Why the portal rejected","Why did the portal reject","1","QUESTION_DIRECT_WH_OBJECT_DO_SUPPORT","「Why the portal rejected」在此應改為「Why did the portal reject」。這是直接問句， why 問原因而不是主語，所以一般過去式需要 did 倒裝；加入 did 後，主要動詞回到原形 reject。","[]","0.9","approved"
"PARA-0015-I034","I034","PARA-0015-S14","1","Does every reference has","Does every reference have","1","QUESTION_DOES_BASE_VERB","「Does every reference has」在此應改為「Does every reference have」。does 已承擔第三身單數和現在時標記，後面的主要動詞使用原形 have。","[]","0.9","approved"
"PARA-0015-I035","I035","PARA-0015-S15","1","references submitting without signatures","references submitted without signatures","1","CLAUSE_REDUCED_RELATIVE_PASSIVE_PARTICIPLE_FORM","「references submitting without signatures」在此應改為「references submitted without signatures」。references 是「被提交」的文件，所以縮減關係分句使用過去分詞 submitted。 submitting 會表示 references 主動提交其他東西。","[]","0.9","approved"
"PARA-0015-I036","I036","PARA-0015-S16","1","promised each applicant to contact them","promised to contact each applicant","1","REPORTING_PROMISE_SPEAKER_TO_INFINITIVE","「promised each applicant to contact them」在此應改為「promised to contact each applicant」。做出承諾的人也是執行聯絡的人，因此用 promise to + 動詞。 promise someone to do 不能表示說話者承諾自己做事。也可寫 promised each applicant that she would contact them。","[]","0.9","approved"
"PARA-0015-I037","I037","PARA-0015-S18","1","but it was faster","but the laptop was faster","1","REFERENCE_AMBIGUOUS_IT_MULTIPLE_ANTECEDENTS","「but it was faster」在此應改為「but the laptop was faster」。前面有 scanner 和 laptop 兩個可能的單數先行詞，it 指涉不安全。系統只有在原意已記錄為 laptop 時才可明確改寫；否則應要求補充資料。","[]","0.9","approved"
"PARA-0015-I038","I038","PARA-0015-S19","1","the blue","the blue ones","1","REFERENCE_ONE_ONES_ADJECTIVE_ELLIPSIS","「the blue」在此應改為「the blue ones」。blue 是形容詞；若省略複數名詞 folders，要用代名詞 ones 承接：the blue ones。 the rich 等指人群的名詞化形容詞是另一類結構。","[]","0.9","approved"
"PARA-0015-I039","I039","PARA-0015-S19","2","the last","the latter","1","REFERENCE_LATTER_SECOND_OF_TWO","「the last」在此應改為「the latter」。在剛提到的兩個群體中指第二個，可用 the latter。the last 通常指一個序列中最後的一項，不一定只是兩者中的第二者。","[]","0.9","approved"
"PARA-0015-I040","I040","PARA-0015-S20","1","because it was unrealistic, although it had drafted it","because the timetable was unrealistic, although the committee itself had drafted it","1","REFERENCE_CHAIN_MULTIPLE_IT_ABSTAIN","「because it was unrealistic, although it had drafted it」在此應改為「because the timetable was unrealistic, although the committee itself had drafted it」。三個 it 可能分別指 committee 或 timetable，單靠句子不能安全確定。目標句依據已記錄原意解開指涉；沒有原意資料時，預期行動應是 abstention。","[]","0.9","approved"
"PARA-0015-I041","I041","PARA-0015-S21","1","Applications were submitted after the deadline will","Applications submitted after the deadline will","1","CLAUSE_REDUCED_RELATIVE_PASSIVE_REMOVE_FINITE_BE","「Applications were submitted after the deadline will」在此應改為「Applications submitted after the deadline will」。will be considered 已是主句謂語。前面的 submitted after the deadline 應作縮減被動關係分句，不能另用有限動詞 were。","[]","0.9","approved"
"PARA-0015-I042","I042","PARA-0015-S21","2","evidence for an emergency","evidence of an emergency","1","NOUN_EVIDENCE_OF_EVENT","「evidence for an emergency」在此應改為「evidence of an emergency」。表示證明某件事存在或發生，用 evidence of + 事情。 evidence fora theory 可表示支持某理論的證據，意思不同。","[]","0.9","approved"
"PARA-0015-I043","I043","PARA-0015-S22","1","Maya the programme officer","Maya, the programme officer,","1","APPOSITION_NONRESTRICTIVE_COMMAS","「Maya the programme officer」在此應改為「Maya, the programme officer,」。the programme officer 是補充 Maya 身分的非限制性同位語，前後使用逗號。若有多位名叫 Maya 的人，而職位用來辨認其中一位，標點可能不同。","[]","0.9","approved"
"PARA-0015-I044","I044","PARA-0015-S22","2","reports wrote","reports written","1","CLAUSE_REDUCED_RELATIVE_PASSIVE_WRITTEN_NOT_WROTE","「reports wrote」在此應改為「reports written」。reports 是「被寫成」某種語言，所以使用過去分詞 written。 wrote 是主動過去式，不能直接放在名詞後構成被動修飾語。","[]","0.9","approved"
"PARA-0015-I045","I045","PARA-0015-S24","1","conduct the research","conduct research","1","ARTICLE_UNCOUNTABLE_GENERIC_RESEARCH_ZERO","「conduct the research」在此應改為「conduct research」。泛指研究活動時， research 是不可數名詞並使用零冠詞。若指前文已界定的某項研究，可使用 the research。","[]","0.9","approved"
"PARA-0015-I046","I046","PARA-0015-S24","2","in library","in the library","1","ARTICLE_SPECIFIC_KNOWN_PLACE_THE","「in library」在此應改為「in the library」。這裡指該大學內已知的特定圖書館，單數可數名詞前需要 the。","[]","0.9","approved"
"PARA-0015-I047","I047","PARA-0015-S24","3","go to the university to study","go to university to study","1","ARTICLE_INSTITUTION_UNIVERSITY_ZERO_STUDENT_ROLE","「go to the university to study」在此應改為「go to university to study」。英式英文中，以學生身分接受大學教育時通常說 go to university。 若意思是前往某所特定大學的校園，則可保留 the。","[]","0.9","approved"
"PARA-0015-I048","I048","PARA-0015-S25","1","at University of Westhaven","at the University of Westhaven","1","ARTICLE_INSTITUTION_UNIVERSITY_OF_NAME_THE","「at University of Westhaven」在此應改為「at the University of Westhaven」。the University of Westhaven 是本資料集指定的官方名稱形式。 University of + 地名常帶 the，但系統仍應按機構正式名稱核對。","[]","0.9","approved"
"PARA-0015-I049","I049","PARA-0015-S26","1","from Netherlands","from the Netherlands","1","ARTICLE_COUNTRY_NETHERLANDS_THE","「from Netherlands」在此應改為「from the Netherlands」。the Netherlands 固定帶定冠詞。此規則是詞彙化專名規則，不應套用到所有國家。","[]","0.9","approved"
"PARA-0015-I050","I050","PARA-0015-S26","2","the other came","another came","1","DETERMINER_OPEN_SET_ANOTHER","「the other came」在此應改為「another came」。本句只列出其中兩名訪問學者，但並未表示總共只有兩名，因此用 another 表示另有一人。若全組確實只有兩人，the other 才正確。","[]","0.9","approved"
"PARA-0015-I051","I051","PARA-0015-S26","3","from United Kingdom","from the United Kingdom","1","ARTICLE_COUNTRY_UNITED_KINGDOM_THE","「from United Kingdom」在此應改為「from the United Kingdom」。國名的完整標準形式是 the United Kingdom。冠詞屬於專名模式的一部分。","[]","0.9","approved"
"PARA-0015-I052","I052","PARA-0015-S28","1","How many candidates did complete","How many candidates completed","1","QUESTION_WH_SUBJECT_NO_DO_SUPPORT","「How many candidates did complete」在此應改為「How many candidates completed」。how many candidates 本身是 completed 的主語。主語疑問句通常不使用 do／ does／ did。對照：How many forms did the candidates complete? 中，疑問詞問賓語，所以需要 did。","[]","0.9","approved"
"PARA-0015-I053","I053","PARA-0015-S29","1","Nobody did not answer","Nobody answered","1","NEGATION_NOBODY_NO_DOUBLE_NEGATIVE","「Nobody did not answer」在此應改為「Nobody answered」。標準英文中， nobody 已帶否定意思，不再加入 not。但雙重否定有時可能被理解為「不是沒有人回答」，所以系統應先確認作者是否真正想表達無人回答。","[]","0.9","approved"
"PARA-0015-I054","I054","PARA-0015-S30","1","a solution for the delay","a solution to the delay","1","NOUN_SOLUTION_TO_PROBLEM","「a solution for the delay」在此應改為「a solution to the delay」。solution 表示解決某個問題的方法時，固定搭配是 solution to + 問題。a solution for cleaning glass 可引出用途，但意思不同。","[]","0.9","approved"
"PARA-0015-I055","I055","PARA-0015-S30","2","depended of","depended on","1","VERB_DEPEND_ON","「depended of」在此應改為「depended on」。depend 的固定搭配是 depend on + 人／事物／分句。","[]","0.9","approved"
"PARA-0015-I056","I056","PARA-0015-S31","1","aware about","aware of","1","ADJ_AWARE_OF","「aware about」在此應改為「aware of」。aware 後面通常用 of + 名詞，或接 that 分句： aware of the pressure／ aware that staff were under pressure。","[]","0.9","approved"
"PARA-0015-I057","I057","PARA-0015-S31","2","concerned of","concerned about","1","ADJ_CONCERNED_ABOUT","「concerned of」在此應改為「concerned about」。表示為某事擔憂，用 concerned about。 concerned with 可表示涉及某個主題，意思不同。","[]","0.9","approved"
"PARA-0015-I058","I058","PARA-0015-S32","1","is owning","owns","1","ASPECT_STATIVE_OWN_SIMPLE_NOT_PROGRESSIVE","「is owning」在此應改為「owns」。own 表示擁有時通常是狀態動詞，使用一般現在式。若 own 被特殊地轉成動態或暫時意思，才可能有例外。","[]","0.9","approved"
"PARA-0015-I059","I059","PARA-0015-S32","2","is belonging","belongs","1","ASPECT_STATIVE_BELONG_SIMPLE_NOT_PROGRESSIVE","「is belonging」在此應改為「belongs」。belong 表示所屬關係，通常不用進行式。標準結構是 belong to + 所有人／機構。","[]","0.9","approved"
"PARA-0015-I060","I060","PARA-0015-S33","1","are knowing","know","1","ASPECT_STATIVE_KNOW_SIMPLE_NOT_PROGRESSIVE","「are knowing」在此應改為「know」。know 表示持有知識或認知狀態，通常使用一般時態。 get to know 表示逐漸認識時則可有進行形式。","[]","0.9","approved"
"PARA-0015-I061","I061","PARA-0015-S33","2","is containing","contains","1","ASPECT_STATIVE_CONTAIN_SIMPLE_NOT_PROGRESSIVE","「is containing」在此應改為「contains」。軟件持有敏感資料是一個狀態，所以使用 contains。這與 S06 的 database 構成跨詞彙環境的轉移案例。","[]","0.9","approved"
"PARA-0015-I062","I062","PARA-0015-S33","3","check","are checking","1","ASPECT_TEMPORARY_ACTIVITY_PRESENT_PROGRESSIVE","「check」在此應改為「are checking」。this week 表示目前有限期間內正在進行的臨時工作，因此使用現在進行式。若這是每週固定程序，則一般現在式可能正確。","[]","0.9","approved"
"PARA-0015-I063","I063","PARA-0015-S34","1","will be","is","1","CLAUSE_WHATEVER_FUTURE_PRESENT_NOT_WILL","「will be」在此應改為「is」。whatever 引出的從屬分句談論未來時，通常使用一般現在式，不在分句內加入 will。主句可使用將來式或其他合適時態。","[]","0.9","approved"
"PARA-0016-I001","I001","PARA-0016-S01","1","The Eastford College","Eastford College","1","ARTICLE_PROPER_INSTITUTION_EASTFORD_ZERO","「The Eastford College」在此應改為「Eastford College」。Eastford College 是完整專名，前面不用 the。正式名稱的冠詞必須按機構核准寫法處理；例如 the University of Westhaven 可以正確帶 the。","[]","0.9","approved"
"PARA-0016-I002","I002","PARA-0016-S01","2","on last autumn","last autumn","1","PREP_LAST_TIME_EXPRESSION_ZERO","「on last autumn」在此應改為「last autumn」。last／ next／ this + 時間名詞通常直接作時間副詞，不加 on、in 或 at：last autumn、 next week。","[]","0.9","approved"
"PARA-0016-I003","I003","PARA-0016-S02","1","During first week","During the first week","1","ARTICLE_ORDINAL_SPECIFIC_THE","「During first week」在此應改為「During the first week」。序數詞表示某個明確次序時，通常使用 the： the first week。若 First Week 是正式活動名稱，冠詞模式可能不同。","[]","0.9","approved"
"PARA-0016-I004","I004","PARA-0016-S02","2","attend the university","attend university","1","ARTICLE_INSTITUTION_UNIVERSITY_ZERO_ROLE","「attend the university」在此應改為「attend university」。英式英文中，以學生身分接受大學教育時可使用零冠詞： attend university。若指某一所特定大學， attend the university 也可能正確。","[]","0.9","approved"
"PARA-0016-I005","I005","PARA-0016-S02","3","return to home","return home","1","PREP_HOME_DIRECTION_NO_TO","「return to home」在此應改為「return home」。home 作方向副詞時，前面不用 to： go home、come home、 return home。若有名詞限定，可寫 return to their home。","[]","0.9","approved"
"PARA-0016-I006","I006","PARA-0016-S02","4","by the bus","by bus","1","ARTICLE_TRANSPORT_BY_ZERO","「by the bus」在此應改為「by bus」。表示交通方式，用 by + 零冠詞交通工具：by bus、by train。表示人在某一架巴士上時，則寫 on the bus。","[]","0.9","approved"
"PARA-0016-I007","I007","PARA-0016-S03","1","have the breakfast","have breakfast","1","ARTICLE_MEAL_ROUTINE_ZERO","「have the breakfast」在此應改為「have breakfast」。泛指日常用餐活動時，餐名通常用零冠詞： have breakfast。指某一頓特定早餐時可寫 the breakfast served by the hotel。","[]","0.9","approved"
"PARA-0016-I008","I008","PARA-0016-S03","2","taking number 12 bus","taking the number 12 bus","1","ARTICLE_ROUTE_NUMBER_DEFINITE_THE","「taking number 12 bus」在此應改為「taking the number 12 bus」。指具有特定路線編號的巴士時，使用 the：the number 12 bus。 也可寫 take bus number 12。","[]","0.9","approved"
"PARA-0016-I009","I009","PARA-0016-S04","1","in a main library","in the main library","1","ARTICLE_UNIQUE_CONTEXT_MAIN_THE","「in a main library」在此應改為「in the main library」。一間學院通常有在語境中可識別的主要圖書館，因此使用 the main library。若有多間同等的主要圖書館，a 才可能合適。","[]","0.9","approved"
"PARA-0016-I010","I010","PARA-0016-S04","2","in the class","in class","1","ARTICLE_INSTITUTION_CLASS_ZERO_ACTIVITY","「in the class」在此應改為「in class」。in class 表示正在上課或參與課堂活動。in the class 可指某一個已知班別，例如 the talleststudent in the class，所以要按原意判斷。","[]","0.9","approved"
"PARA-0016-I011","I011","PARA-0016-S05","1","go to the hospital","go to hospital","1","ARTICLE_HOSPITAL_INSTITUTIONAL_ZERO_BRITISH","「go to the hospital」在此應改為「go to hospital」。英式英文中，病人為接受醫療而去醫院，可用 go to hospital。美式英文常用 go to the hospital，因此不可把美式形式判作文法錯誤。","[]","0.9","approved"
"PARA-0016-I012","I012","PARA-0016-S05","2","go to hospital as visitors","go to the hospital as visitors","1","ARTICLE_HOSPITAL_SPECIFIC_BUILDING_THE","「go to hospital as visitors」在此應改為「go to the hospital as visitors」。以訪客身分前往某間醫院建築，不是接受住院服務，因此使用 the hospital。","[]","0.9","approved"
"PARA-0016-I013","I013","PARA-0016-S06","1","listen the radio","listen to the radio","1","PREP_LISTEN_TO","「listen the radio」在此應改為「listen to the radio」。listen 接聆聽對象時需要 to： listen to music／ the radio。 hear 則可直接接賓語。","[]","0.9","approved"
"PARA-0016-I014","I014","PARA-0016-S06","2","watch the television","watch television","1","ARTICLE_MEDIA_TELEVISION_ZERO","「watch the television」在此應改為「watch television」。表示觀看電視節目這種活動時，通常寫 watch television。 watch the television 可表示注視某部電視機。","[]","0.9","approved"
"PARA-0016-I015","I015","PARA-0016-S06","3","in common room","in the common room","1","ARTICLE_SPECIFIC_COMMON_ROOM_THE","「in common room」在此應改為「in the common room」。common room 是單數可數名詞，並指學生已知的特定房間，所以需要 the。","[]","0.9","approved"
"PARA-0016-I016","I016","PARA-0016-S07","1","stopped explaining","stopped to explain","1","VERB_STOP_TO_INFINITIVE_PURPOSE","「stopped explaining」在此應改為「stopped to explain」。stop to explain 表示停下原本的活動，目的是進行解釋；stop explaining 表示停止解釋。兩者都合文法，但意思不同，系統必須根據已記錄原意選擇。","[]","0.9","approved"
"PARA-0016-I017","I017","PARA-0016-S07","2","reminded students locking","reminded students to lock","1","VERB_REMIND_NP_TO_INFINITIVE","「reminded students locking」在此應改為「reminded students to lock」。remind + 人 + to + 動詞原形表示提醒某人做尚未完成的事。若提醒某人記起過去事件，可用 remind someone of...。","[]","0.9","approved"
"PARA-0016-I018","I018","PARA-0016-S08","1","remembered to leave","remembered leaving","1","VERB_REMEMBER_GERUND_PAST_MEMORY","「remembered to leave」在此應改為「remembered leaving」。remember doing 表示記得曾經做過某事。 remember to do 表示記得要做某事並執行。原意是她回想自己把卡留在巴士上，因此用動名詞。","[]","0.9","approved"
"PARA-0016-I019","I019","PARA-0016-S08","2","tried to call","tried calling","1","VERB_TRY_GERUND_EXPERIMENT","「tried to call」在此應改為「tried calling」。try doing 表示嘗試某個方法，看看是否有效；try to do 表示努力完成某事。兩者均可能正確，必須按語境處理。","[]","0.9","approved"
"PARA-0016-I020","I020","PARA-0016-S09","1","meant to complete","meant completing","1","VERB_MEAN_GERUND_ENTAIL","「meant to complete」在此應改為「meant completing」。mean doing 表示某件事必然涉及另一件事。更換卡片會涉及填寫另一張表格。 mean to do 則表示有意打算做某事。","[]","0.9","approved"
"PARA-0016-I021","I021","PARA-0016-S09","2","did not mean delaying","did not mean to delay","1","VERB_MEAN_TO_INFINITIVE_INTENTION","「did not mean delaying」在此應改為「did not mean to delay」。表示沒有打算延誤小組，用 mean to + 動詞原形。mean delaying 會表示某情況意味著延誤。","[]","0.9","approved"
"PARA-0016-I022","I022","PARA-0016-S10","1","Since the trial began, the college collected","Since the trial began, the college has collected","1","TENSE_PRESENT_PERFECT_SINCE_PAST_POINT","「Since the trial began, the college collected」在此應改為「Since the trial began, the college has collected」。since + 過去起點通常與現在完成式配合，表示由試行開始至現在所累積的結果。","[]","0.9","approved"
"PARA-0016-I023","I023","PARA-0016-S10","2","feedbacks","feedback","1","COUNT_FEEDBACK_UNCOUNTABLE","「feedbacks」在此應改為「feedback」。feedback 表示意見或回饋時通常是不可數名詞。可寫 some feedback、 comments 或 pieces of feedback，一般不寫 feedbacks。","[]","0.9","approved"
"PARA-0016-I024","I024","PARA-0016-S11","1","Most of students","Most students","1","DETERMINER_MOST_GENERIC_PLURAL_NO_OF","「Most of students」在此應改為「Most students」。泛指大部分學生時，用 most + 複數名詞，不加 of：most students。","[]","0.9","approved"
"PARA-0016-I025","I025","PARA-0016-S11","2","most of students interviewed","most of the students interviewed","1","DETERMINER_MOST_OF_SPECIFIC_GROUP","「most of students interviewed」在此應改為「most of the students interviewed」。指已接受訪問的特定學生群體時，用 most of the + 複數名詞。公式：most students 泛指； most of the students 指特定群體。","[]","0.9","approved"
"PARA-0016-I026","I026","PARA-0016-S13","1","little of time","little time","1","QUANTIFIER_LITTLE_NO_OF_BEFORE_NOUN","「little of time」在此應改為「little time」。little 直接修飾不可數名詞： little time。只有在 little of the time 這種帶限定詞的結構中才使用 of。","[]","0.9","approved"
"PARA-0016-I027","I027","PARA-0016-S13","2","a few extra time","a little extra time","1","QUANTIFIER_A_LITTLE_UNCOUNTABLE","「a few extra time」在此應改為「a little extra time」。time 在此是不可數名詞，所以使用 a little， 不用修飾複數可數名詞的 a few。","[]","0.9","approved"
"PARA-0016-I028","I028","PARA-0016-S14","1","Each of students","Each of the students","1","DETERMINER_EACH_OF_THE_PLURAL","「Each of students」在此應改為「Each of the students」。each of 後面通常接代名詞或帶限定詞的複數名詞： each of them、 each of the students。","[]","0.9","approved"
"PARA-0016-I029","I029","PARA-0016-S14","2","all them","all of them","1","DETERMINER_ALL_OF_OBJECT_PRONOUN","「all them」在此應改為「all of them」。all 放在賓格代名詞前時需要 of： all of them。在主語位置也可寫 They all received cards。","[]","0.9","approved"
"PARA-0016-I030","I030","PARA-0016-S15","1","had gone to London","had been to London","1","ASPECT_BEEN_TO_RETURNED_VISIT","「had gone to London」在此應改為「had been to London」。have／ had been to 表示曾到訪並已離開；have／had gone to 通常表示已前往而仍未返回。由於學生現在正在講述經歷，目標用 been to。","[]","0.9","approved"
"PARA-0016-I031","I031","PARA-0016-S15","2","last year","the previous year","1","REPORTED_SPEECH_DEICTIC_LAST_TO_PREVIOUS","「last year」在此應改為「the previous year」。間接引述從較後的敘述時間回顧原話時，last year 常改為 the previous year。 若報告仍在同一時間框架內， 原時間詞也可能保留。","[]","0.9","approved"
"PARA-0016-I032","I032","PARA-0016-S15","3","had never gone to Eastford before","had never been to Eastford before","1","ASPECT_NEVER_BEEN_TO_EXPERIENCE","「had never gone to Eastford before」在此應改為「had never been to Eastford before」。表示過去某時點之前從未有到訪經驗，通常用 had never been to。","[]","0.9","approved"
"PARA-0016-I033","I033","PARA-0016-S16","1","had been to Manchester and would not return","had gone to Manchester and would not return","1","ASPECT_GONE_TO_STILL_AWAY","「had been to Manchester and would not return」在此應改為「had gone to Manchester and would not return」。would not return until Friday 顯示哥哥當時仍在 Manchester，因此用 had gone to。若他已經回來，才可用 had been to。","[]","0.9","approved"
"PARA-0016-I034","I034","PARA-0016-S17","1","apologised the tutor","apologised to the tutor","1","VERB_APOLOGISE_TO_PERSON","「apologised the tutor」在此應改為「apologised to the tutor」。人道歉，用 apologise to + 人。","[]","0.9","approved"
"PARA-0016-I035","I035","PARA-0016-S17","2","about arriving late","for arriving late","1","VERB_APOLOGISE_FOR_REASON","「about arriving late」在此應改為「for arriving late」。表示為某個行為道歉，用 apologise for + 名詞／動名詞。 about 可用於談論道歉的主題，但不是這個標準框架。","[]","0.9","approved"
"PARA-0016-I036","I036","PARA-0016-S17","3","blamed the delay for a cancelled train","blamed the delay on a cancelled train","1","VERB_BLAME_RESULT_ON_CAUSE","「blamed the delay for a cancelled train」在此應改為「blamed the delay on a cancelled train」。blame + 結果 + on + 原因：把延誤歸咎於火車取消。另一個正確結構是 blame the cancelled train for the delay。 兩個賓語角色不可倒轉。","[]","0.9","approved"
"PARA-0016-I037","I037","PARA-0016-S18","1","congratulated her for finding","congratulated her on finding","1","VERB_CONGRATULATE_NP_ON","「congratulated her for finding」在此應改為「congratulated her on finding」。固定結構是 congratulate + 人 + on + 名詞／動名詞。","[]","0.9","approved"
"PARA-0016-I038","I038","PARA-0016-S18","2","reminded to everyone that","reminded everyone that","1","VERB_REMIND_DIRECT_PERSON_NO_TO","「reminded to everyone that」在此應改為「reminded everyone that」。remind 直接接被提醒的人，不在前面加 to： remind everyone that...。","[]","0.9","approved"
"PARA-0016-I039","I039","PARA-0016-S18","3","will begin","would begin","1","REPORTED_SPEECH_FUTURE_IN_PAST","「will begin」在此應改為「would begin」。從過去敘述點描述其後發生的事情，可把 will 回移為 would。 如果九時的工作坊在報告當刻仍屬未來，保留 will 也可能合理。","[]","0.9","approved"
"PARA-0016-I040","I040","PARA-0016-S19","1","Why the evening bus does stop","Why does the evening bus stop","1","QUESTION_DIRECT_WH_AUX_SUBJECT_ORDER","「Why the evening bus does stop」在此應改為「Why does the evening bus stop」。直接疑問句使用疑問詞 + 助動詞 + 主語 + 動詞原形。 does 已承擔第三身單數標記，所以主要動詞用 stop。","[]","0.9","approved"
"PARA-0016-I041","I041","PARA-0016-S21","1","neither the transport office had published","neither had the transport office published","1","CLAUSE_NEITHER_AUXILIARY_INVERSION","「neither the transport office had published」在此應改為「neither had the transport office published」。neither 接續前面的否定分句時，要使用助動詞倒裝： neither + 助動詞 + 主語。","[]","0.9","approved"
"PARA-0016-I042","I042","PARA-0016-S22","1","did not have some cash","did not have any cash","1","DETERMINER_ANY_IN_NEGATIVE_CLAUSE","「did not have some cash」在此應改為「did not have any cash」。一般否定句通常用 any：not have any cash。 some 可出現在預期肯定答案的問句、提議或強調語境中。","[]","0.9","approved"
"PARA-0016-I043","I043","PARA-0016-S22","2","Neither I do","Neither do I","1","RESPONSE_NEITHER_AUXILIARY_INVERSION","「Neither I do」在此應改為「Neither do I」。表示自己也不具備前述情況，用 Neither + 助動詞 + 主語。對照肯定回應：So do I.","[]","0.9","approved"
"PARA-0016-I044","I044","PARA-0016-S23","1","The app is working now, is it?","The app is working now, isn't it?","1","QUESTION_TAG_POSITIVE_MAIN_NEGATIVE_TAG","「The app is working now, is it?」在此應改為「The app is working now, isn't it?」。中性的確認問句通常由肯定主句配合否定附加問句： isn't it?。同極性的 is it? 可在驚訝、質疑或挑戰語氣中成立，因此不應忽略語調和語境。","[]","0.9","approved"
"PARA-0016-I045","I045","PARA-0016-S24","1","students who living","students living","1","CLAUSE_REDUCED_RELATIVE_NO_WHO_BEFORE_PARTICIPLE","「students who living」在此應改為「students living」。可寫完整關係分句 students who are living...，或縮減為 students living...。不能只保留 who 而省略必要的 are。","[]","0.9","approved"
"PARA-0016-I046","I046","PARA-0016-S25","1","several analysis","several analyses","1","NOUN_IRREGULAR_ANALYSIS_ANALYSES","「several analysis」在此應改為「several analyses」。several 後面接複數； analysis 的不規則複數是 analyses。","[]","0.9","approved"
"PARA-0016-I047","I047","PARA-0016-S25","2","two serieses","two series","1","NOUN_INVARIABLE_SERIES_PLURAL","「two serieses」在此應改為「two series」。series 的單數和複數形式相同： one series、two series。","[]","0.9","approved"
"PARA-0016-I048","I048","PARA-0016-S25","3","three appendix","three appendices","1","NOUN_IRREGULAR_APPENDIX_APPENDICES","「three appendix」在此應改為「three appendices」。appendix 的正式複數常為 appendices。 appendixes 亦可見於部分一般語境，兩者應按語域接受。","[]","0.9","approved"
"PARA-0016-I049","I049","PARA-0016-S26","1","One phenomena","One phenomenon","1","NOUN_IRREGULAR_PHENOMENON_SINGULAR","「One phenomena」在此應改為「One phenomenon」。phenomenon 是單數， phenomena 是複數。one 後面使用單數。","[]","0.9","approved"
"PARA-0016-I050","I050","PARA-0016-S26","2","students which","students who","1","PRONOUN_RELATIVE_HUMAN_WHO","「students which」在此應改為「students who」。關係分句中作主語，通常使用 who。限制性關係分句中 that 也可成立。","[]","0.9","approved"
"PARA-0016-I051","I051","PARA-0016-S26","3","more far away","farther away","1","COMP_FAR_FARTHER_OR_FURTHER","「more far away」在此應改為「farther away」。far 的標準比較級是 farther 或 further，不用 more far。兩者均可指實際距離，尤其在英式英文中。","[]","0.9","approved"
"PARA-0016-I052","I052","PARA-0016-S26","4","lesser time","less time","1","QUANTIFIER_LESS_UNCOUNTABLE_NOT_LESSER","「lesser time」在此應改為「less time」。表示不可數名詞數量較少，用 less time。 lesser 通常表示地位、程度或重要性較低，如 a lesser offence。","[]","0.9","approved"
"PARA-0016-I053","I053","PARA-0016-S27","1","more faster","faster","1","COMP_DOUBLE_COMPARATIVE_NO_MORE","「more faster」在此應改為「faster」。faster 已經是比較級，不能再加入 more。","[]","0.9","approved"
"PARA-0016-I054","I054","PARA-0016-S27","2","the blue","the blue one","1","REFERENCE_ONE_REPLACES_SINGULAR_COUNT_NOUN","「the blue」在此應改為「the blue one」。省略已出現的單數可數名詞 route 時，用 one 承接：the blue one。","[]","0.9","approved"
"PARA-0016-I055","I055","PARA-0016-S27","3","the last","the latter","1","REFERENCE_LATTER_SECOND_OF_TWO","「the last」在此應改為「the latter」。在剛提及的兩項中指第二項，用 the latter。 the last 通常指整個序列中最後一項。","[]","0.9","approved"
"PARA-0016-I056","I056","PARA-0016-S27","4","more cheap","cheaper","1","COMP_SHORT_ADJECTIVE_ER_FORM","「more cheap」在此應改為「cheaper」。短形容詞 cheap 通常加-er 形成比較級： cheaper。","[]","0.9","approved"
"PARA-0016-I057","I057","PARA-0016-S28","1","asked did the survey represented","asked whether the survey had represented","1","CLAUSE_INDIRECT_YES_NO_WHETHER_STATEMENT_ORDER","「asked did the survey represented」在此應改為「asked whether the survey had represented」。ask 後面的間接是非問句由 whether／if 引出，並使用陳述句語序。調查代表各群體發生在會議前，因此目標使用過去完成式。","[]","0.9","approved"
"PARA-0016-I058","I058","PARA-0016-S28","2","fair","fairly","1","WORDFORM_ADVERB_FAIRLY_MODIFIES_VERB","「fair」在此應改為「fairly」。fairly 是副詞，在此修飾動詞 represented。 fair 是形容詞，通常描述名詞或放在連繫動詞後。","[]","0.9","approved"
"PARA-0016-I059","I059","PARA-0016-S29","1","the data was limited","the data were limited","1","SVA_DATA_ACADEMIC_PLURAL","「the data was limited」在此應改為「the data were limited」。正式學術語境可把 data 視為 datum 的複數，因此用 were。 現代一般英文亦常把 data 當集合或不可數名詞並配合 was，不可一律拒絕。","[]","0.9","approved"
"PARA-0016-I060","I060","PARA-0016-S29","2","some of the evidences were","some of the evidence was","1","COUNT_EVIDENCE_UNCOUNTABLE","「some of the evidences were」在此應改為「some of the evidence was」。evidence 表示證據整體時通常不可數，使用 some evidence 和單數動詞。要計算可寫 pieces of evidence。","[]","0.9","approved"
"PARA-0016-I061","I061","PARA-0016-S30","1","requested for more","requested more","1","VERB_REQUEST_DIRECT_OBJECT_NO_FOR","「requested for more」在此應改為「requested more」。request 作及物動詞時直接接所要求的事物： request more information。名詞結構則可寫 a request for information。","[]","0.9","approved"
"PARA-0016-I062","I062","PARA-0016-S30","2","informations","information","1","INFORMATION_UNCOUNTABLE","「informations」在此應改為「information」。information 通常不可數，不寫複數 informations。可使用 items／ pieces of information。","[]","0.9","approved"
"PARA-0016-I063","I063","PARA-0016-S30","3","students which journeys","students whose journeys","1","PRONOUN_RELATIVE_WHOSE_POSSESSIVE","「students which journeys」在此應改為「students whose journeys」。journeys 屬於 students， 因此使用所有格關係代名詞 whose。","[]","0.9","approved"
"PARA-0016-I064","I064","PARA-0016-S30","4","more one form","more than one form","1","QUANTIFIER_MORE_THAN_ONE","「more one form」在此應改為「more than one form」。表示數量超過一個，固定結構是 more than one + 單數可數名詞。","[]","0.9","approved"
"PARA-0016-I065","I065","PARA-0016-S31","1","their address were","their address was","1","SVA_POSSESSIVE_THEIR_SINGULAR_HEAD_WAS","「their address were」在此應改為「their address was」。動詞與中心名詞 address 配合，而不是與所有格限定詞 their 配合。每名參與者有一個地址，因此用單數 was。單數 they／ their 不要求後面的名詞和動詞變成複數。","[]","0.9","approved"
"PARA-0016-I066","I066","PARA-0016-S32","1","to whom","whom","1","VERB_CONTACT_WH_INFINITIVE_NO_PREPOSITION","「to whom」在此應改為「whom」。contact 是及物動詞，直接接賓語，因此在 whom to contact 前不加 to。對照： whom to speak to，因為 speak 需要介詞。","[]","0.9","approved"
"PARA-0016-I067","I067","PARA-0016-S32","2","will arise","arises","1","CLAUSE_WHEN_FUTURE_PRESENT","「will arise」在此應改為「arises」。指未來的時間分句通常使用一般現在式：when a problem arises。 主句才使用將來或情態結構。","[]","0.9","approved"
"PARA-0017-I001","I001","PARA-0017-S01","1","Riverside district","the Riverside district","1","ARTICLE_NAMED_DISTRICT_THE","「Riverside district」在此應改為「the Riverside district」。district 是普通可數名詞， Riverside 在這裡只用作名稱修飾語，因此完整名詞詞組使用 the Riverside district。正式名稱若只是 Riverside，則可能不用冠詞。","[]","0.9","approved"
"PARA-0017-I002","I002","PARA-0017-S01","2","has changed","changed","1","TENSE_MAP_COMPLETED_PERIOD_PAST_SIMPLE","「has changed」在此應改為「changed」。1995 至 2025 是已完成的歷史時段，因此用一般過去式描述已發生的改變。若其中一幅圖表示現在，而改變延續至今，現在完成式才可能成立。","[]","0.9","approved"
"PARA-0017-I003","I003","PARA-0017-S01","3","from 1995 until 2025","between 1995 and 2025","1","PREP_MAP_PERIOD_BETWEEN_AND","「from 1995 until 2025」在此應改為「between 1995 and 2025」。封閉的兩個時間點可用 between A and B。 from 必須與 to 配對； until 通常表示某狀態持續至某時。","[]","0.9","approved"
"PARA-0017-I004","I004","PARA-0017-S01","4","it proposes to develop","it is proposed to be developed","1","PASSIVE_PROPOSAL_SUBJECT_IS_PROPOSED_TO_BE","「it proposes to develop」在此應改為「it is proposed to be developed」。district 是接受發展工程的地方，不是主動提出計劃的人，因此使用被動結構：is proposed to be developed。","[]","0.9","approved"
"PARA-0017-I005","I005","PARA-0017-S01","5","until 2035","by 2035","1","PREP_MAP_FUTURE_BY_YEAR","「until 2035」在此應改為「by 2035」。by 2035 表示最遲到該年時完成或形成。 until 2035 表示某狀態一直持續至該年。","[]","0.9","approved"
"PARA-0017-I006","I006","PARA-0017-S02","1","transformed","evolved","1","COLLOC_EVOLVE_FROM_INTO","「transformed」在此應改為「evolved」。描述地區逐步發展成另一種形態，常用 evolve from A into B。 transform from A into B 亦可成立；原句的主要問題是搭配不穩定而非絕對不合文法。","[]","0.9","approved"
"PARA-0017-I007","I007","PARA-0017-S02","2","lightly-developed","lightly developed","1","ORTHOGRAPHY_LY_ADVERB_NO_HYPHEN","「lightly-developed」在此應改為「lightly developed」。以-ly 結尾的副詞和其後的分詞或形容詞一般不用連字號，例如 lightly developed、densely populated。","[]","0.9","approved"
"PARA-0017-I008","I008","PARA-0017-S02","3","to a density","into a denser","1","WORDFORM_DENSITY_TO_DENSER","「to a density」在此應改為「into a denser」。density 是名詞；在這裡要用形容詞比較級 denser 描述 neighbourhood。","[]","0.9","approved"
"PARA-0017-I009","I009","PARA-0017-S02","4","intends improving","is intended to improve","1","PASSIVE_INTEND_BE_INTENDED_TO","「intends improving」在此應改為「is intended to improve」。phase 本身沒有意圖；它是被設計來達到某目的，因此使用 be intended to + 動詞原形。","[]","0.9","approved"
"PARA-0017-I010","I010","PARA-0017-S02","5","remain","retaining","1","CLAUSE_WHILE_SHARED_SUBJECT_PARTICIPLE","「remain」在此應改為「retaining」。省略重複主語時， while 後可用現在分詞：while retaining...。也可寫完整分句 while it retains...。","[]","0.9","approved"
"PARA-0017-I011","I011","PARA-0017-S03","1","On 1995","In 1995","1","PREP_YEAR_IN","「On 1995」在此應改為「In 1995」。年份前使用 in。on 用於日期，例如 on 5 May 1995。","[]","0.9","approved"
"PARA-0017-I012","I012","PARA-0017-S03","2","a two-lanes road","a two-lane road","1","NOUN_COMPOUND_NUMERAL_SINGULAR_HYPHEN","「a two-lanes road」在此應改為「a two-lane road」。數字和量度單位共同放在名詞前作修飾語時，單位用單數並加連字號：a two-lane road。","[]","0.9","approved"
"PARA-0017-I013","I013","PARA-0017-S03","3","went from west towards east","ran from west to east","1","MAP_ROUTE_RUN_FROM_TO","「went from west towards east」在此應改為「ran from west to east」。描述道路的走向通常用 run from A to B。 go towards 可描述移動方向，但較不適合靜態地圖中的道路位置。","[]","0.9","approved"
"PARA-0017-I014","I014","PARA-0017-S03","4","besides the northern bank","along the northern bank","1","PREP_MAP_ALONG_BANK_NOT_BESIDES","「besides the northern bank」在此應改為「along the northern bank」。along 表示道路與河岸平行延伸。 besides 表示「此外」；beside 才表示「在旁邊」，但仍不一定表達沿線延伸。","[]","0.9","approved"
"PARA-0017-I015","I015","PARA-0017-S03","5","River Elin","the River Elin","1","ARTICLE_RIVER_NAME_THE_RIVER_NAME","「River Elin」在此應改為「the River Elin」。本資料集把官方名稱定為 the River Elin。河流名稱通常帶 the，但專名必須按地圖標示確認。","[]","0.9","approved"
"PARA-0017-I016","I016","PARA-0017-S04","1","in the north side of","on the north side of","1","PREP_ON_SIDE_OF","「in the north side of」在此應改為「on the north side of」。表示某物位於道路或區域的某一邊，用 on the north side of。","[]","0.9","approved"
"PARA-0017-I017","I017","PARA-0017-S04","2","opposite of a small park","opposite a small park","1","MAP_OPPOSITE_DIRECT_OBJECT","「opposite of a small park」在此應改為「opposite a small park」。opposite 作介詞時可直接接名詞：opposite the park。 opposite to 在部分英式用法中亦可能成立，但不寫 opposite of。","[]","0.9","approved"
"PARA-0017-I018","I018","PARA-0017-S05","1","laid","lay","1","VERB_LIE_PAST_LAY_NOT_LAID","「laid」在此應改為「lay」。表示建築物位於某處，動詞是 lie，過去式為 lay。laid 是及物動詞 lay 的過去式，例如 laid the map on the table。","[]","0.9","approved"
"PARA-0017-I019","I019","PARA-0017-S05","2","among the park and a grocery shop","between the park and a grocery shop","1","PREP_BETWEEN_TWO_LANDMARKS","「among the park and a grocery shop」在此應改為「between the park and a grocery shop」。只有兩個明確地標時使用 between A and B。","[]","0.9","approved"
"PARA-0017-I020","I020","PARA-0017-S05","3","on the east end in the district","at the eastern end of the district","1","MAP_LOCATION_AT_EASTERN_END_OF","「on the east end in the district」在此應改為「at the eastern end of the district」。固定位置框架是 at the eastern end of + 地區／道路。 eastern 是放在名詞前的形容詞。","[]","0.9","approved"
"PARA-0017-I021","I021","PARA-0017-S06","1","At south of the river","South of the river","1","MAP_LOCATION_SOUTH_OF_NO_AT","「At south of the river」在此應改為「South of the river」。south of + 地標本身已是位置介詞結構，不在前面加 at。若指區域內部，可寫 in the south of the district。","[]","0.9","approved"
"PARA-0017-I022","I022","PARA-0017-S06","2","farmlands","farmland","1","COUNT_FARMLAND_UNCOUNTABLE","「farmlands」在此應改為「farmland」。farmland 表示農地整體時通常不可數。要表示多塊土地，可寫 areas of farmland 或 fields。","[]","0.9","approved"
"PARA-0017-I023","I023","PARA-0017-S06","3","extended until the railway","extended towards the railway","1","MAP_EXTEND_TOWARDS","「extended until the railway」在此應改為「extended towards the railway」。表示土地朝某一方向延伸但未必到達終點，用 extend towards。 until 主要表示時間界線。","[]","0.9","approved"
"PARA-0017-I024","I024","PARA-0017-S06","4","the area could only access","the area was accessible only","1","ADJ_ACCESSIBLE_BE_COMPLEMENT","「the area could only access」在此應改為「the area was accessible only」。area 是可被到達的地方，應用形容詞 accessible 配合 be。 若使用動詞，主語應是人：People could access the area。","[]","0.9","approved"
"PARA-0017-I025","I025","PARA-0017-S06","5","through a narrow walking bridge","via a narrow footbridge","1","MAP_ACCESS_VIA_FOOTBRIDGE","「through a narrow walking bridge」在此應改為「via a narrow footbridge」。表示到達某地所經由的設施，可用 via。專供行人使用的小橋通常稱為 footbridge。","[]","0.9","approved"
"PARA-0017-I026","I026","PARA-0017-S07","1","No road bridge was crossed the river","No road bridge crossed the river","1","VERB_BRIDGE_CROSS_ACTIVE","「No road bridge was crossed the river」在此應改為「No road bridge crossed the river」。bridge 橫跨 river， 所以 cross 用主動式。被動式應由被跨越的事物作主語： The river was crossed by a bridge。","[]","0.9","approved"
"PARA-0017-I027","I027","PARA-0017-S07","2","there had no direct connection","there was no direct connection","1","CLAUSE_EXISTENTIAL_THERE_WAS_NO","「there had no direct connection」在此應改為「there was no direct connection」。英文存現句使用 there + be： there was no...。不能把粵語或中文的「有」直接翻成 there had。","[]","0.9","approved"
"PARA-0017-I028","I028","PARA-0017-S07","3","between the station to the town centre","between the station and the town centre","1","PREP_CONNECTION_BETWEEN_AND","「between the station to the town centre」在此應改為「between the station and the town centre」。between 與 and 配對。另一個正確框架是 a connection from the station to the town centre。","[]","0.9","approved"
"PARA-0017-I029","I029","PARA-0017-S08","1","During following thirty years","Over the following thirty years","1","PREP_OVER_THE_FOLLOWING_PERIOD","「During following thirty years」在此應改為「Over the following thirty years」。the following thirty years 是特定時段，需要 the。描述整段期間的發展可用 over。 during 也可，但同樣需要 the。","[]","0.9","approved"
"PARA-0017-I030","I030","PARA-0017-S08","2","the cottages replaced by","the cottages were replaced by","1","PASSIVE_PAST_WERE_REPLACED_BY","「the cottages replaced by」在此應改為「the cottages were replaced by」。cottages 是被取代的設施，所以需要過去被動語態 were replaced by。","[]","0.9","approved"
"PARA-0017-I031","I031","PARA-0017-S08","3","converted as a medical centre","converted into a medical centre","1","VERB_CONVERT_INTO","「converted as a medical centre」在此應改為「converted into a medical centre」。表示建築物改作另一種用途，用 convert A into B；被動式為 A was converted into B。","[]","0.9","approved"
"PARA-0017-I032","I032","PARA-0017-S09","1","expanded to east","enlarged eastwards","1","MAP_ENLARGE_EASTWARDS","「expanded to east」在此應改為「enlarged eastwards」。eastwards 是方向副詞，可直接修飾擴建動作。也可寫 expanded to the east，但不能省略 the。","[]","0.9","approved"
"PARA-0017-I033","I033","PARA-0017-S09","2","despite its original entrance remained at the same location","although its original entrance remained in the same position","1","CONJ_ALTHOUGH_FINITE_CLAUSE","「despite its original entrance remained at the same location」在此應改為「although its original entrance remained in the same position」。although 後面接完整有限分句。 despite 後面接名詞或動名詞，例如 despite the entrance remaining unchanged。","[]","0.9","approved"
"PARA-0017-I034","I034","PARA-0017-S10","1","The warehouse demolished","The warehouse was demolished","1","PASSIVE_PAST_WAS_DEMOLISHED","「The warehouse demolished」在此應改為「The warehouse was demolished」。warehouse 是被拆除的建築，需要 was + 過去分詞。","[]","0.9","approved"
"PARA-0017-I035","I035","PARA-0017-S10","2","a supermarket constructed","a supermarket was built","1","PASSIVE_PAST_WAS_BUILT","「a supermarket constructed」在此應改為「a supermarket was built」。supermarket 是被建造的設施，主句需要完整的被動謂語。 was constructed 也是正確替代。","[]","0.9","approved"
"PARA-0017-I036","I036","PARA-0017-S10","3","over its previous site","on its former site","1","MAP_BUILD_ON_FORMER_SITE","「over its previous site」在此應改為「on its former site」。建築物佔用一塊地點時通常用 on a site。 former site 表示先前由另一設施佔用的位置。","[]","0.9","approved"
"PARA-0017-I037","I037","PARA-0017-S11","1","linking between the main road and the station","linking the main road with the station","1","VERB_LINK_A_WITH_B_NO_BETWEEN","「linking between the main road and the station」在此應改為「linking the main road with the station」。動詞 link 使用 link A with/to B。名詞結構才可寫 a link between A and B。","[]","0.9","approved"
"PARA-0017-I038","I038","PARA-0017-S12","1","moved for about 200 metres","relocated about 200 metres","1","MEASURE_MOVE_DISTANCE_NO_FOR","「moved for about 200 metres」在此應改為「relocated about 200 metres」。距離可直接放在移動動詞後：moved 200 metres。 for 通常引出持續時間，不引出這種空間距離。","[]","0.9","approved"
"PARA-0017-I039","I039","PARA-0017-S12","2","at the west from its original position","west of its original position","1","MAP_DISTANCE_WEST_OF","「at the west from its original position」在此應改為「west of its original position」。表示相對位置，用距離 + west of + 地標：200 metres west of...。","[]","0.9","approved"
"PARA-0017-I040","I040","PARA-0017-S13","1","The road section next","The section of road beside","1","PREP_NEXT_TO_REQUIRES_TO","「The road section next」在此應改為「The section of road beside」。可寫 next to the park 或 beside the park。 next 單獨不能在這裡作介詞。","[]","0.9","approved"
"PARA-0017-I041","I041","PARA-0017-S13","2","made pedestrian","pedestrianised","1","WORDFORM_PEDESTRIANISE_ROAD","「made pedestrian」在此應改為「pedestrianised」。把道路改為行人專用區，標準地圖描述動詞是 pedestrianise。made pedestria n-only 也是正確替代。","[]","0.9","approved"
"PARA-0017-I042","I042","PARA-0017-S13","3","redirected in a new bypass which ran","diverted onto a new bypass running","1","PREP_DIVERT_TRAFFIC_ONTO","「redirected in a new bypass which ran」在此應改為「diverted onto a new bypass running」。把交通流改道至另一條道路，用 divert traffic onto + 道路。into 多表示進入封閉空間。","[]","0.9","approved"
"PARA-0017-I043","I043","PARA-0017-S13","4","north","the northern","1","WORDFORM_NORTH_TO_NORTHERN_ATTRIBUTIVE","「north」在此應改為「the northern」。放在名詞 edge 前作修飾語時，使用形容詞 northern。","[]","0.9","approved"
"PARA-0017-I044","I044","PARA-0017-S13","5","district","the district","1","ARTICLE_DEFINED_DISTRICT_THE","「district」在此應改為「the district」。這裡指前文已界定的 Riverside district，因此使用 the district。","[]","0.9","approved"
"PARA-0017-I045","I045","PARA-0017-S14","1","A parking","A car park","1","COUNT_PARKING_CAR_PARK","「A parking」在此應改為「A car park」。parking 表示泊車活動或泊車空間整體時通常不可數。圖上的一個獨立設施應寫 a car park 或 a parking area。","[]","0.9","approved"
"PARA-0017-I046","I046","PARA-0017-S14","2","besides the supermarket","next to the supermarket","1","WORDCHOICE_BESIDE_NOT_BESIDES","「besides the supermarket」在此應改為「next to the supermarket」。beside／ next to 表示在旁邊； besides 表示「此外」或「除……之外」。","[]","0.9","approved"
"PARA-0017-I047","I047","PARA-0017-S14","3","a bus station","a bus stop","1","MAP_BUS_STOP_NOT_STATION","「a bus station」在此應改為「a bus stop」。bus stop 是路旁停靠點；bus station 是較大型、有多條路線的總站。必須按地圖符號確認，不能只靠句子猜測。","[]","0.9","approved"
"PARA-0017-I048","I048","PARA-0017-S14","4","on the cross of the bypass with Station Road","at the junction of the bypass and Station Road","1","MAP_JUNCTION_AT_OF_AND","「on the cross of the bypass with Station Road」在此應改為「at the junction of the bypass and Station Road」。道路交會點使用 at the junction of A and B。cross 通常是動詞；名詞可用 crossroads，但結構不同。","[]","0.9","approved"
"PARA-0017-I049","I049","PARA-0017-S15","1","Regardless these changes","Despite these changes","1","PREP_REGARDLESS_OF","「Regardless these changes」在此應改為「Despite these changes」。regardless 後面必須使用 of： regardless of these changes。 目標句採用同義而較精簡的 despite these changes。","[]","0.9","approved"
"PARA-0017-I050","I050","PARA-0017-S15","2","out of the district border","outside the district boundary","1","MAP_OUTSIDE_BOUNDARY","「out of the district border」在此應改為「outside the district boundary」。表示位於區域邊界之外，通常用 outside + 地區／ boundary。 out of 多表示從內部移出。","[]","0.9","approved"
"PARA-0017-I051","I051","PARA-0017-S15","3","at south of the new bridge","south of the new bridge","1","MAP_LOCATION_SOUTH_OF_NO_AT","「at south of the new bridge」在此應改為「south of the new bridge」。south of 已直接表示相對位置，不加 at。","[]","0.9","approved"
"PARA-0017-I052","I052","PARA-0017-S16","1","faced to medical centre","faced the medical centre","1","VERB_FACE_DIRECT_OBJECT","「faced to medical centre」在此應改為「faced the medical centre」。face 表示朝向某地時直接接賓語，不加 to。 此處也需要 the 指已知的 medical centre。","[]","0.9","approved"
"PARA-0017-I053","I053","PARA-0017-S16","2","located diagonal","situated diagonally","1","WORDFORM_DIAGONALLY_ADVERB","「located diagonal」在此應改為「situated diagonally」。修飾位置關係 opposite 要用副詞 diagonally，不用形容詞 diagonal。","[]","0.9","approved"
"PARA-0017-I054","I054","PARA-0017-S16","3","opposite with the park entrance","opposite the park entrance","1","MAP_OPPOSITE_NO_WITH","「opposite with the park entrance」在此應改為「opposite the park entrance」。opposite 作介詞時直接接地標，不使用 with。","[]","0.9","approved"
"PARA-0017-I055","I055","PARA-0017-S17","1","Until","By","1","PREP_MAP_FUTURE_BY_YEAR","「Until」在此應改為「By」。表示該設施到 2035 年時預計建成，用 by。","[]","0.9","approved"
"PARA-0017-I056","I056","PARA-0017-S17","2","it is planned a walkway","a walkway is planned","1","PASSIVE_PLANNED_FEATURE_SUBJECT_FRONTING","「it is planned a walkway」在此應改為「a walkway is planned」。英文不使用 it is planned + 名詞來表示某項設施獲規劃。應把設施放作被動句主語：A walkway is planned。","[]","0.9","approved"
"PARA-0017-I057","I057","PARA-0017-S17","3","for connecting","to connect","1","PURPOSE_TO_INFINITIVE","「for connecting」在此應改為「to connect」。表示建造 walkway 的目的，用 to + 動詞原形。for + 動名詞可描述物件的一般用途，但本句是具體建設目的。","[]","0.9","approved"
"PARA-0017-I058","I058","PARA-0017-S17","4","with","to the","1","VERB_CONNECT_A_TO_B","「with」在此應改為「to the」。實體路線連接兩個地點時，可用 connect A to B。 the public square 是已規劃的特定設施，需要 the。 connect A with B 也可成立。","[]","0.9","approved"
"PARA-0017-I059","I059","PARA-0017-S17","5","parkings","parking","1","COUNT_BICYCLE_PARKING_UNCOUNTABLE","「parkings」在此應改為「parking」。parking 表示泊車設施整體時不可數。要計算可寫 bicycle parking spaces 或 bicycle racks。","[]","0.9","approved"
"PARA-0017-I060","I060","PARA-0017-S17","6","supplied","provided","1","COLLOC_PROVIDE_PARKING","「supplied」在此應改為「provided」。表示設置公共設施通常用 provide parking。supply 多用於可供應的物品或服務，例如水、電或設備。","[]","0.9","approved"
"PARA-0017-I061","I061","PARA-0017-S17","7","in the","on","1","PREP_ON_BOTH_SIDES_NO_THE","「in the」在此應改為「on」。固定結構是 on both sides of...。 both 已限定兩邊，不在前面加入 the。","[]","0.9","approved"
"PARA-0017-I062","I062","PARA-0017-S17","8","southern","the southern","1","ARTICLE_SPECIFIC_RAMP_THE","「southern」在此應改為「the southern」。這裡指已界定的特定斜道，需要 the。","[]","0.9","approved"
"PARA-0017-I063","I063","PARA-0017-S18","1","According to 2035 proposal","In the 2035 proposal","1","MAP_IN_THE_PROPOSAL","「According to 2035 proposal」在此應改為「In the 2035 proposal」。表示某設施出現在一份規劃方案內， 可寫 in the proposal。若使用 according to， 也必須寫 according to the 2035 proposal。","[]","0.9","approved"
"PARA-0017-I064","I064","PARA-0017-S18","2","is due for extending","is due to be extended","1","PASSIVE_DUE_TO_BE_PARTICIPLE","「is due for extending」在此應改為「is due to be extended」。表示預定進行的被動工程，用 be due to be + 過去分詞。 名詞結構可寫 is due for extension。","[]","0.9","approved"
"PARA-0017-I065","I065","PARA-0017-S18","3","to north","to the north","1","MAP_DIRECTION_TO_THE_NORTH","「to north」在此應改為「to the north」。表示擴建方向，可寫 to the north 或 northwards。此結構中的方位名詞需要 the。","[]","0.9","approved"
"PARA-0017-I066","I066","PARA-0017-S18","4","a pharmacy will add","a pharmacy will be added","1","PASSIVE_FUTURE_WILL_BE_ADDED","「a pharmacy will add」在此應改為「a pharmacy will be added」。pharmacy 是將被增設的設施，需要將來被動語態。","[]","0.9","approved"
"PARA-0017-I067","I067","PARA-0017-S18","5","adjacent with it","beside it","1","ADJ_ADJACENT_TO","「adjacent with it」在此應改為「beside it」。adjacent 的固定搭配是 adjacent to，不用 with。 目標句採用較簡單的 beside it。","[]","0.9","approved"
"PARA-0017-I068","I068","PARA-0017-S19","1","Apartment block at centre will","The central apartment block will","1","MAP_CENTRAL_FEATURE_ARTICLE_AND_WORD_FORM","「Apartment block at centre will」在此應改為「The central apartment block will」。指三座公寓中位於中央的特定一座，用 the central apartment block。 central 是前置形容詞。","[]","0.9","approved"
"PARA-0017-I069","I069","PARA-0017-S19","2","knock down","be demolished","1","PASSIVE_PHRASAL_KNOCK_DOWN","「knock down」在此應改為「be demolished」。建築物是被拆卸的對象，因此要使用被動式： will be knocked down 或 will be demolished。","[]","0.9","approved"
"PARA-0017-I070","I070","PARA-0017-S19","3","and its site will turn to","with the site becoming","1","VERB_TURN_INTO_NOT_TURN_TO","「and its site will turn to」在此應改為「with the site becoming」。表示地點轉變成另一種用途，用 turn into 或 become。 turn to 常表示轉向某人、某方法或某頁。","[]","0.9","approved"
"PARA-0017-I071","I071","PARA-0017-S19","4","surrounding with","surrounded by","1","PASSIVE_SURROUNDED_BY","「surrounding with」在此應改為「surrounded by」。public square 是被 cafés 包圍的地方，所以用 surrounded by。 surrounded with 只在少數「配備／裝飾」語境可見。","[]","0.9","approved"
"PARA-0017-I072","I072","PARA-0017-S20","1","cycling path","cycle path","1","COLLOC_CYCLE_PATH","「cycling path」在此應改為「cycle path」。指專供單車使用的道路，常用固定複合名詞 cycle path。 cycling path 可以理解，但不是一般地圖標示。","[]","0.9","approved"
"PARA-0017-I073","I073","PARA-0017-S20","2","along side","alongside","1","ORTHOGRAPHY_ALONGSIDE_ONE_WORD","「along side」在此應改為「alongside」。介詞 alongside 表示沿着或緊鄰某物，寫作一個字。 along the side of 則是另一個完整結構。","[]","0.9","approved"
"PARA-0017-I074","I074","PARA-0017-S20","3","both river banks","both banks of the river","1","DETERMINER_BOTH_BANKS_OF_RIVER","「both river banks」在此應改為「both banks of the river」。both river banks 並非一定錯，但 both banks of the river 更清楚地表示同一條河的兩岸。本規則應先作 suggestio n-only，避免攻擊正確複合名詞。","[]","0.9","approved"
"PARA-0017-I075","I075","PARA-0017-S20","4","under of the road bridge","beneath the road bridge","1","PREP_BENEATH_NO_OF","「under of the road bridge」在此應改為「beneath the road bridge」。under 和 beneath 都直接接名詞，不加 of。","[]","0.9","approved"
"PARA-0017-I076","I076","PARA-0017-S21","1","provide the path an access","provide access to the path","1","VERB_PROVIDE_ACCESS_TO","「provide the path an access」在此應改為「provide access to the path」。access 在這裡不可數。固定結構是 provide access to + 地點／設施，不能把 path 和 access 當作雙賓語。","[]","0.9","approved"
"PARA-0017-I077","I077","PARA-0017-S21","2","from every side of the bridge","from either side of the bridge","1","DETERMINER_EITHER_SIDE_OF_TWO","「from every side of the bridge」在此應改為「from either side of the bridge」。橋只有兩邊，因此指其中任何一邊時用 either side。 every 通常用於三個或以上可逐一計算的項目。","[]","0.9","approved"
"PARA-0017-I078","I078","PARA-0017-S22","1","relocate","be moved","1","PASSIVE_FUTURE_WILL_BE_MOVED","「relocate」在此應改為「be moved」。car park 是被遷移的設施，需要被動式。若主語是管理部門，可寫 The council will relocate the car park。","[]","0.9","approved"
"PARA-0017-I079","I079","PARA-0017-S22","2","which allows the above land","allowing the land above it","1","CLAUSE_RESULT_ALLOWING_LAND_ABOVE_IT","「which allows the above land」在此應改為「allowing the land above it」。the above land 通常表示「上文提及的土地」，不是物理上位於上方的土地。應寫 the land above it。現在分詞 allowing 清楚表示前述工程的結果。","[]","0.9","approved"
"PARA-0017-I080","I080","PARA-0017-S22","3","use","be used","1","PASSIVE_INFINITIVE_TO_BE_USED","「use」在此應改為「be used」。land 是被使用的地方，因此不定詞要使用被動式 to be used。","[]","0.9","approved"
"PARA-0017-I081","I081","PARA-0017-S22","4","for","as","1","PREP_USED_AS_ROLE","「for」在此應改為「as」。某地方直接充當某種設施時，用 used as + 身分／用途。used for 通常接動名詞或活動，例如 used for playing。","[]","0.9","approved"
"PARA-0017-I082","I082","PARA-0017-S23","1","In the south-east corner from","At the south-eastern corner of","1","MAP_CORNER_AT_OF","「In the south-east corner from」在此應改為「At the south-eastern corner of」。地圖位置常用 at the... corner of + 地區。前置修飾語使用形容詞 south-eastern。","[]","0.9","approved"
"PARA-0017-I083","I083","PARA-0017-S23","2","farmland","the farmland","1","ARTICLE_PART_OF_THE_LAND","「farmland」在此應改為「the farmland」。這裡指前文已提及的特定 farmland，因此使用 the。泛指農地時，零冠詞可以成立。","[]","0.9","approved"
"PARA-0017-I084","I084","PARA-0017-S23","3","divide","be divided","1","PASSIVE_FUTURE_WILL_BE_DIVIDED","「divide」在此應改為「be divided」。farmland 是被劃分的土地，需要將來被動語態。","[]","0.9","approved"
"PARA-0017-I085","I085","PARA-0017-S23","4","to","into","1","VERB_DIVIDE_INTO","「to」在此應改為「into」。把一個整體分成多個部分，用 divide A into B。 divide between/among 可表示分配給不同人。","[]","0.9","approved"
"PARA-0017-I086","I086","PARA-0017-S23","5","of detached housings","for detached houses","1","MAP_PLOTS_FOR_HOUSES_HOUSING_COUNTABILITY","「of detached housings」在此應改為「for detached houses」。housing 通常不可數，表示房屋供應整體；可逐一計算的建築物是 houses。土地預留給某種建築，用 plots for...。","[]","0.9","approved"
"PARA-0017-I087","I087","PARA-0017-S24","1","be facing to","face","1","VERB_FACE_DIRECT_OBJECT","「be facing to」在此應改為「face」。face 表示建築朝向某地時直接接賓語。一般規劃描述使用簡單將來式，不必使用進行式。","[]","0.9","approved"
"PARA-0017-I088","I088","PARA-0017-S24","2","connect with","be connected to","1","PASSIVE_CONNECTED_TO","「connect with」在此應改為「be connected to」。homes 是透過道路被連接至車站的地點，因此用被動式 be connected to。","[]","0.9","approved"
"PARA-0017-I089","I089","PARA-0017-S24","3","through","by","1","PREP_BY_ROAD_MEANS_OF_CONNECTION","「through」在此應改為「by」。表示兩地由某條道路連接，用 by a road。 through 可描述道路穿過森林或城鎮。","[]","0.9","approved"
"PARA-0017-I090","I090","PARA-0017-S24","4","branched from","branching off","1","PHRASAL_BRANCH_OFF","「branched from」在此應改為「branching off」。道路從主要道路分岔，用 branch off + 道路。現在分詞 branching 主動修飾 road； branched 會形成不完整或錯誤的被動意思。","[]","0.9","approved"
"PARA-0017-I091","I091","PARA-0017-S25","1","At the end","Finally","1","LINKER_FINALLY_NOT_AT_THE_END","「At the end」在此應改為「Finally」。finally 可作篇章連接語，引出最後一項變化。at the end 通常需要說明甚麼的末端，例如 at the end of the road。","[]","0.9","approved"
"PARA-0017-I092","I092","PARA-0017-S25","2","as unchanged","unchanged","1","LINKING_REMAIN_ADJECTIVE_NO_AS","「as unchanged」在此應改為「unchanged」。remain 是連繫動詞，後面直接接形容詞補語 unchanged，不用 as。","[]","0.9","approved"
"PARA-0017-I093","I093","PARA-0017-S25","3","neighbour","nearby","1","WORDFORM_NEARBY_ATTRIBUTIVE","「neighbour」在此應改為「nearby」。neighbour 是名詞，通常指人或相鄰事物；修飾位置接近的 riverbank 可用形容詞 nearby 或 neighbouring。","[]","0.9","approved"
"PARA-0017-I094","I094","PARA-0017-S25","4","widen","be widened","1","PASSIVE_FUTURE_WILL_BE_WIDENED","「widen」在此應改為「be widened」。人為工程把 riverbank 擴闊，因此使用被動式。若自然作用令河岸自行變闊，不及物 will widen 才可能成立。","[]","0.9","approved"
"PARA-0017-I095","I095","PARA-0017-S25","5","for creating a viewing place","to create a viewing area","1","MAP_PURPOSE_CREATE_VIEWING_AREA","「for creating a viewing place」在此應改為「to create a viewing area」。具體工程目的用 to create。地圖設施通常稱為 viewing area、 viewing platform 或 observation area。","[]","0.9","approved"
"PARA-0017-I096","I096","PARA-0017-S26","1","of residents","residents","1","DETERMINER_MOST_GENERIC_NO_OF","「of residents」在此應改為「residents」。泛指大部分居民，用 most residents。指某一群已界定居民時才寫 most of the residents。","[]","0.9","approved"
"PARA-0017-I097","I097","PARA-0017-S26","2","reside at a walking distance from","live within walking distance of","1","COLLOC_WITHIN_WALKING_DISTANCE_OF","「reside at a walking distance from」在此應改為「live within walking distance of」。固定搭配是 within walking distance of + 地點。at a distance from 可表示一般距離，但不能混合兩種框架。","[]","0.9","approved"
"PARA-0017-I098","I098","PARA-0017-S26","3","transports","transport","1","COUNT_PUBLIC_TRANSPORT_UNCOUNTABLE","「transports」在此應改為「transport」。public transport 表示公共交通系統整體時不可數。要計算可寫 forms of public transport。","[]","0.9","approved"
"PARA-0017-I099","I099","PARA-0017-S26","4","opened spaces","open space","1","WORDFORM_OPEN_SPACE_NOT_OPENED","「opened spaces」在此應改為「open space」。open space 指未被建築物佔用的公共空間。opened 是動詞過去分詞，表示某物已被打開。open spaces 也可用於多個獨立空間。","[]","0.9","approved"
"PARA-0018-I001","I001","PARA-0018-S01","1","illustrates about","illustrates","1","VERB_ILLUSTRATE_DIRECT_OBJECT_NO_ABOUT","「illustrates about」在此應改為「illustrates」。illustrate 是及物動詞，直接接所展示的內容，不加 about。對照： provide information about electricity use。","[]","0.9","approved"
"PARA-0018-I002","I002","PARA-0018-S01","2","measured by MWh","measured in MWh","1","PREP_MEASURED_IN_UNIT","「measured by MWh」在此應改為「measured in MWh」。表示數據使用甚麼單位，用 measured in + 單位。 measured by 可引出測量工具或方法，例如 measured by a digital meter。","[]","0.9","approved"
"PARA-0018-I003","I003","PARA-0018-S01","3","between 2005 to 2035","between 2005 and 2035","1","PREP_BETWEEN_AND_TIME_RANGE","「between 2005 to 2035」在此應改為「between 2005 and 2035」。between 必須與 and 配對。另一個正確框架是 from 2005 to 2035。","[]","0.9","approved"
"PARA-0018-I004","I004","PARA-0018-S01","4","compares between its sources","compares its sources","1","VERB_COMPARE_DIRECT_OBJECT_NO_BETWEEN","「compares between its sources」在此應改為「compares its sources」。compare 作動詞時直接接比較對象。名詞結構才使用 a comparison between A and B。","[]","0.9","approved"
"PARA-0018-I005","I005","PARA-0018-S02","1","overtook than it","overtook it","1","VERB_OVERTAKE_DIRECT_OBJECT_NO_THAN","「overtook than it」在此應改為「overtook it」。overtake 是及物動詞，直接接被超越的對象，不使用 than。 become higher than 才需要 than。","[]","0.9","approved"
"PARA-0018-I006","I006","PARA-0018-S02","2","remained lowest","remained the lowest","1","ARTICLE_SUPERLATIVE_THE_REQUIRED","「remained lowest」在此應改為「remained the lowest」。最高級表示一組之中的極端位置，通常使用 the： the lowest。","[]","0.9","approved"
"PARA-0018-I007","I007","PARA-0018-S02","3","from the four","of the four","1","COMP_SUPERLATIVE_OF_DEFINED_SET","「from the four」在此應改為「of the four」。表示某項在一個已界定群組中的最高或最低位置，用 of + 群組： the lowest of the four。","[]","0.9","approved"
"PARA-0018-I008","I008","PARA-0018-S02","4","most of period","most of the period","1","ARTICLE_MOST_OF_DEFINITE_PERIOD","「most of period」在此應改為「most of the period」。most of 後面接特定單數名詞時，需要限定詞： most of the period。 泛指多個時段則可寫 most periods。","[]","0.9","approved"
"PARA-0018-I009","I009","PARA-0018-S03","1","At 2005","In 2005","1","PREP_YEAR_IN","「At 2005」在此應改為「In 2005」。年份前使用 in。at 用於鐘點或非常具體的時間點，例如 at 6 p.m.。","[]","0.9","approved"
"PARA-0018-I010","I010","PARA-0018-S03","2","the figure of Northland","the figure for Northland","1","NOUN_FIGURE_FOR_CATEGORY","「the figure of Northland」在此應改為「the figure for Northland」。圖表中的某個國家或類別所對應的數字，通常寫 the figure for + 類別。the population of Northland 則可使用 of。","[]","0.9","approved"
"PARA-0018-I011","I011","PARA-0018-S03","3","stood 4.0 MWh","stood at 4.0 MWh","1","COLLOC_STAND_AT_VALUE","「stood 4.0 MWh」在此應改為「stood at 4.0 MWh」。stand at + 數值表示某項數據處於指定水平。不能直接寫 stand 4.0。","[]","0.9","approved"
"PARA-0018-I012","I012","PARA-0018-S03","4","comparing with","compared with","1","PARTICIPLE_COMPARED_WITH_BASELINE","「comparing with」在此應改為「compared with」。這裡是「 Northland 的數字被拿來與 Eastport 比較」，使用過去分詞 compared with。 comparing 需要一個主動進行比較的執行者。","[]","0.9","approved"
"PARA-0018-I013","I013","PARA-0018-S03","5","3.2 MWh of Eastport","3.2 MWh for Eastport","1","NOUN_FIGURE_FOR_CATEGORY","「3.2 MWh of Eastport」在此應改為「3.2 MWh for Eastport」。某類別所錄得的數值使用 for：3.2 MWh for Eastport。","[]","0.9","approved"
"PARA-0018-I014","I014","PARA-0018-S04","1","by","to","1","CHANGE_RISE_FROM_TO","「by」在此應改為「to」。描述起點和終點，用 rise from A to B。by 表示改變的幅度，而不是終點。","[]","0.9","approved"
"PARA-0018-I015","I015","PARA-0018-S04","2","at","of","1","NOUN_PEAK_OF_VALUE","「at」在此應改為「of」。名詞結構使用 a peak of + 數值。 動詞結構則使用 peaked at + 數值。","[]","0.9","approved"
"PARA-0018-I016","I016","PARA-0018-S04","3","by","of","2","NOUN_INCREASE_OF_AMOUNT","「by」在此應改為「of」。名詞 increase 後面用 of 表示增加幅度：an increase of 0.5。 動詞則寫 increased by 0.5。","[]","0.9","approved"
"PARA-0018-I017","I017","PARA-0018-S05","1","After peaked","After peaking","1","CLAUSE_AFTER_GERUND_SAME_SUBJECT","「After peaked」在此應改為「After peaking」。after 作介詞並直接接動作時，使用動名詞： after peaking。 也可寫完整分句 after it peaked。","[]","0.9","approved"
"PARA-0018-I018","I018","PARA-0018-S05","2","fell of 1.1 MWh","fell by 1.1 MWh","1","CHANGE_FALL_BY_AMOUNT","「fell of 1.1 MWh」在此應改為「fell by 1.1 MWh」。fall by + 數值表示下降了多少。名詞結構才使用 a fall of 1.1 MWh。","[]","0.9","approved"
"PARA-0018-I019","I019","PARA-0018-S05","3","at 3.4 MWh","to 3.4 MWh","1","CHANGE_FALL_TO_ENDPOINT","「at 3.4 MWh」在此應改為「to 3.4 MWh」。fall to + 數值表示下降後的最終水平。fall by 表示下降幅度。","[]","0.9","approved"
"PARA-0018-I020","I020","PARA-0018-S05","4","on 2025","in 2025","1","PREP_YEAR_IN","「on 2025」在此應改為「in 2025」。年份前使用 in；日期前才使用 on，例如 on 5 May 2025。","[]","0.9","approved"
"PARA-0018-I021","I021","PARA-0018-S06","1","Until 2035","By 2035","1","PREP_BY_DEADLINE_NOT_UNTIL","「Until 2035」在此應改為「By 2035」。by 2035 表示最遲到 2035 年時達到該水平。 until 2035 表示某狀態持續至 2035 年。","[]","0.9","approved"
"PARA-0018-I022","I022","PARA-0018-S06","2","fallen further at 3.0 MWh","fallen further to 3.0 MWh","1","CHANGE_FALL_TO_ENDPOINT","「fallen further at 3.0 MWh」在此應改為「fallen further to 3.0 MWh」。表示下降後到達的水平，用 fall to。","[]","0.9","approved"
"PARA-0018-I023","I023","PARA-0018-S07","1","had risen steadily","rose steadily","1","TENSE_PAST_PERFECT_REQUIRES_PAST_REFERENCE","「had risen steadily」在此應改為「rose steadily」。過去完成式通常需要另一個較後的過去參考點。本句只是按時間順序描述圖表數據，因此使用一般過去式。","[]","0.9","approved"
"PARA-0018-I024","I024","PARA-0018-S07","2","between 2005 to 2025","between 2005 and 2025","1","PREP_BETWEEN_AND_TIME_RANGE","「between 2005 to 2025」在此應改為「between 2005 and 2025」。between A and B 是固定配對，不能混用 to。","[]","0.9","approved"
"PARA-0018-I025","I025","PARA-0018-S07","3","reaching to 4.8 MWh","reaching 4.8 MWh","1","VERB_REACH_DIRECT_OBJECT_NO_TO","「reaching to 4.8 MWh」在此應改為「reaching 4.8 MWh」。reach 是及物動詞，直接接數值，不加 to。對照： rise to 4.8 MWh。","[]","0.9","approved"
"PARA-0018-I026","I026","PARA-0018-S08","1","a rise by 1.6 MWh","a rise of 1.6 MWh","1","NOUN_RISE_OF_AMOUNT","「a rise by 1.6 MWh」在此應改為「a rise of 1.6 MWh」。名詞 rise 用 of 表示幅度。動詞才寫 rose by 1.6 MWh。","[]","0.9","approved"
"PARA-0018-I027","I027","PARA-0018-S08","2","50 per cents","50 per cent","1","UNIT_PER_CENT_INVARIABLE","「50 per cents」在此應改為「50 per cent」。per cent 在數字後不加複數 s：one per cent、50 percent。","[]","0.9","approved"
"PARA-0018-I028","I028","PARA-0018-S09","1","surpassed than Northland","surpassed Northland","1","VERB_SURPASS_DIRECT_OBJECT_NO_THAN","「surpassed than Northland」在此應改為「surpassed Northland」。surpass 是及物動詞，直接接被超越的對象。 was higher than Northland 才使用 than。","[]","0.9","approved"
"PARA-0018-I029","I029","PARA-0018-S09","2","with 0.6 MWh","by 0.6 MWh","1","PREP_MARGIN_BY_DIFFERENCE","「with 0.6 MWh」在此應改為「by 0.6 MWh」。表示一項數據比另一項高出多少，用 by + 差額： surpassed Northland by 0.6 MWh。","[]","0.9","approved"
"PARA-0018-I030","I030","PARA-0018-S10","1","times as much electricity than","times as much electricity as","1","COMP_MULTIPLIER_AS_MUCH_AS","「times as much electricity than」在此應改為「times as much electricity as」。不可數名詞的倍數比較使用倍數 + as much + 名詞 + as。可數複數則用 as many... as。","[]","0.9","approved"
"PARA-0018-I031","I031","PARA-0018-S11","1","fluctuated from 2.7 and 3.1","fluctuated between 2.7 and 3.1","1","VERB_FLUCTUATE_BETWEEN_AND","「fluctuated from 2.7 and 3.1」在此應改為「fluctuated between 2.7 and 3.1」。表示數值在兩個水平之間反覆變動，用 fluctuate between A and B。","[]","0.9","approved"
"PARA-0018-I032","I032","PARA-0018-S11","2","between 2010 to 2025","from 2010 to 2025","1","PREP_FROM_TO_TIME_RANGE","「between 2010 to 2025」在此應改為「from 2010 to 2025」。from 與 to 配對； between 則與 and 配對。","[]","0.9","approved"
"PARA-0018-I033","I033","PARA-0018-S12","1","bottomed at","bottomed out at","1","PHRASAL_BOTTOM_OUT_AT","「bottomed at」在此應改為「bottomed out at」。表示下降至最低點，用 bottom out at + 數值。名詞寫法是 reached alow of...。","[]","0.9","approved"
"PARA-0018-I034","I034","PARA-0018-S12","2","recovered by 3.1 MWh","recovered to 3.1 MWh","1","VERB_RECOVER_TO_LEVEL","「recovered by 3.1 MWh」在此應改為「recovered to 3.1 MWh」。recover to + 數值表示回升後的水平。 recover by 0.4 MWh 可表示回升幅度。","[]","0.9","approved"
"PARA-0018-I035","I035","PARA-0018-S12","3","levelled at 3.0 MWh","levelled off at 3.0 MWh","1","PHRASAL_LEVEL_OFF_AT","「levelled at 3.0 MWh」在此應改為「levelled off at 3.0 MWh」。表示數據停止上升或下降並趨於穩定，用 level off at + 數值。","[]","0.9","approved"
"PARA-0018-I036","I036","PARA-0018-S13","1","Throughout of the period","Over the period","1","PREP_THROUGHOUT_NO_OF","「Throughout of the period」在此應改為「Over the period」。throughout 直接接名詞，不加 of： throughout the period。本句也可寫 over the period。","[]","0.9","approved"
"PARA-0018-I037","I037","PARA-0018-S13","2","ranged between 2.7 to 3.3","ranged from 2.7 to 3.3","1","VERB_RANGE_FROM_TO","「ranged between 2.7 to 3.3」在此應改為「ranged from 2.7 to 3.3」。正確配對是 range from A to B 或 range between A and B。","[]","0.9","approved"
"PARA-0018-I038","I038","PARA-0018-S14","1","started from 2.1 MWh","started at 2.1 MWh","1","VERB_START_AT_VALUE","「started from 2.1 MWh」在此應改為「started at 2.1 MWh」。描述圖表數列的初始數值，通常用 start at + 數值。時間範圍可寫 from 2005。","[]","0.9","approved"
"PARA-0018-I039","I039","PARA-0018-S14","2","increased 1.1 MWh","increased by 1.1 MWh","1","VERB_INCREASE_BY_AMOUNT","「increased 1.1 MWh」在此應改為「increased by 1.1 MWh」。increase by + 數值表示增加幅度。不能在這個意思下直接把數值放在不及物動詞後。","[]","0.9","approved"
"PARA-0018-I040","I040","PARA-0018-S14","3","until 3.2 MWh","to 3.2 MWh","1","VERB_INCREASE_TO_ENDPOINT","「until 3.2 MWh」在此應改為「to 3.2 MWh」。increase to + 數值表示增加後的水平。 until 用於時間或某種持續界線。","[]","0.9","approved"
"PARA-0018-I041","I041","PARA-0018-S15","1","one-and-half","one and a half","1","NUMERAL_ONE_AND_A_HALF","「one-and-half」在此應改為「one and a half」。獨立倍數詞組寫成 one and a half。作複合前置修飾語時可加連字號，例如 a one-and-a-half-fol d increase。","[]","0.9","approved"
"PARA-0018-I042","I042","PARA-0018-S15","2","times than the 2005 level","times the 2005 level","1","COMP_MULTIPLIER_TIMES_NO_THAN","「times than the 2005 level」在此應改為「times the 2005 level」。倍數 + times + 名詞詞組後面不加 than。另一個結構是 one and a half times as high as...。","[]","0.9","approved"
"PARA-0018-I043","I043","PARA-0018-S16","1","under than Southvale","below Southvale","1","COMP_BELOW_DIRECT_NO_THAN","「under than Southvale」在此應改為「below Southvale」。below 可直接接比較對象，不加 than。若使用形容詞比較級，可寫 lower than Southvale。","[]","0.9","approved"
"PARA-0018-I044","I044","PARA-0018-S16","2","catch it up","catch up with it","1","PHRASAL_CATCH_UP_WITH","「catch it up」在此應改為「catch up with it」。表示數值追上另一項，用 catch up with + 對象。 catch someone up 可在英式英文中表示向某人補充最新情況，意思不同。","[]","0.9","approved"
"PARA-0018-I045","I045","PARA-0018-S18","1","made 45 per cent from generation","made up 45 per cent of generation","1","PHRASAL_MAKE_UP_PERCENT_OF_TOTAL","「made 45 per cent from generation」在此應改為「made up 45 per cent of generation」。表示某部分構成整體的某個比例，用 make up + 百分比 + of + 整體。被動結構 The total is made up of... 表示整體由哪些部分組成。","[]","0.9","approved"
"PARA-0018-I046","I046","PARA-0018-S19","1","by","to","1","CHANGE_FALL_TO_ENDPOINT","「by」在此應改為「to」。是 45%，最終比例是 20%，所以 20% 是終點，要用 fall to。 它實際下降了 25 percentage points。","[]","0.9","approved"
"PARA-0018-I047","I047","PARA-0018-S19","2","by","of","2","NOUN_DECREASE_OF_AMOUNT","「by」在此應改為「of」。名詞 decrease 用 of 表示減少幅度。動詞才寫 decreased by 25。","[]","0.9","approved"
"PARA-0018-I048","I048","PARA-0018-S19","3","per cent","percentage","2","UNIT_PERCENTAGE_POINTS_NOT_PER_CENT_POINTS","「per cent」在此應改為「percentage」。兩個百分比之間的絕對差使用 percentage points。 由 45% 降至 20% 是下降 25 percentage points。","[]","0.9","approved"
"PARA-0018-I049","I049","PARA-0018-S20","1","equals with","is equivalent to","1","ADJ_EQUIVALENT_TO","「equals with」在此應改為「is equivalent to」。固定結構是 be equivalent to + 名詞。動詞 equal 則直接接賓語，例如 The reduction equals 25 points。","[]","0.9","approved"
"PARA-0018-I050","I050","PARA-0018-S20","2","a reduction by 56 per cent","a reduction of 56 per cent","1","NOUN_REDUCTION_OF_AMOUNT","「a reduction by 56 per cent」在此應改為「a reduction of 56 per cent」。名詞 reduction 用 of 表示幅度；動詞結構為 was reduced by 56 per cent。","[]","0.9","approved"
"PARA-0018-I051","I051","PARA-0018-S20","3","comparing with its original share","relative to its share","1","PREP_RELATIVE_TO_BASELINE","「comparing with its original share」在此應改為「relative to its share」。表示計算以某個原有數值為基準，可用 relative to。也可寫 compared with its original share，但不能用沒有明確主動執行者的 comparing with。","[]","0.9","approved"
"PARA-0018-I052","I052","PARA-0018-S21","1","rise 18 to 47 per cent","rise from 18 to 47 per cent","1","CHANGE_RISE_FROM_TO","「rise 18 to 47 per cent」在此應改為「rise from 18 to 47 per cent」。同時給出起點和終點時，使用 rise from A to B。","[]","0.9","approved"
"PARA-0018-I053","I053","PARA-0018-S21","2","29 per cent points","29 percentage points","1","UNIT_PERCENTAGE_POINTS_NOT_PER_CENT_POINTS","「29 per cent points」在此應改為「29 percentage points」。18% 至 47% 的差距是 29 percentage points。","[]","0.9","approved"
"PARA-0018-I054","I054","PARA-0018-S22","1","two and a half folds","two and a half times","1","COMP_MULTIPLIER_TIMES_NOT_FOLDS","「two and a half folds」在此應改為「two and a half times」。數字倍數後使用 times。 twofold 是單一詞，可寫 a twofold increase，但不寫 two folds。","[]","0.9","approved"
"PARA-0018-I055","I055","PARA-0018-S23","1","will be made up 47 per cent","will make up 47 per cent","1","PHRASAL_MAKE_UP_PERCENT_OF_TOTAL","「will be made up 47 per cent」在此應改為「will make up 47 per cent」。wind and solar 是構成比例的部分，因此用主動式 make up 47 per cent。被動式應由整體作主語： The total is made up of several sources。","[]","0.9","approved"
"PARA-0018-I056","I056","PARA-0018-S24","1","in contrary","by contrast","1","LINKER_BY_CONTRAST","「in contrary」在此應改為「by contrast」。表示兩組數據形成對比，可用句首連接語 by contrast 或 in contrast。on the contrary 通常用來直接否定前述看法。","[]","0.9","approved"
"PARA-0018-I057","I057","PARA-0018-S24","2","between 37 and 33 per cent","from 37 to 33 per cent","1","CHANGE_DECLINE_FROM_TO","「between 37 and 33 per cent」在此應改為「from 37 to 33 per cent」。描述有方向的下降過程，用 decline from A to B。 between A and B 較適合描述變動範圍。","[]","0.9","approved"
"PARA-0018-I058","I058","PARA-0018-S25","1","The gap among gas and renewables","The gap between gas and renewables","1","NOUN_GAP_BETWEEN_TWO","「The gap among gas and renewables」在此應改為「The gap between gas and renewables」。只有兩個比較項目時，使用 the gap between A and B。","[]","0.9","approved"
"PARA-0018-I059","I059","PARA-0018-S25","2","into 14 percentage points","to 14 percentage points","1","CHANGE_SHIFT_FROM_TO","「into 14 percentage points」在此應改為「to 14 percentage points」。數值由一個水平轉變至另一個水平，用 shift from A to B。 into 通常表示轉化成另一種形式。","[]","0.9","approved"
"PARA-0018-I060","I060","PARA-0018-S26","1","Between the three sources","Of the three sources","1","COMP_SUPERLATIVE_OF_DEFINED_SET","「Between the three sources」在此應改為「Of the three sources」。最高級前的比較群體使用 of：the largest of the three sources。","[]","0.9","approved"
"PARA-0018-I061","I061","PARA-0018-S26","2","the most large","the largest","1","COMP_LARGE_SUPERLATIVE_LARGEST","「the most large」在此應改為「the largest」。large 的最高級是 largest， 不用 most large。","[]","0.9","approved"
"PARA-0018-I062","I062","PARA-0018-S27","1","the most sharp fall","the sharpest fall","1","COMP_SHARP_SUPERLATIVE_SHARPEST","「the most sharp fall」在此應改為「the sharpest fall」。短形容詞 sharp 加-est 形成最高級： the sharpest。","[]","0.9","approved"
"PARA-0018-I063","I063","PARA-0018-S27","2","between the three","of the three","1","COMP_SUPERLATIVE_OF_DEFINED_SET","「between the three」在此應改為「of the three」。說明最高級所屬的三項群體，用 of the three。","[]","0.9","approved"
"PARA-0018-I064","I064","PARA-0018-S27","3","a second largest source","the second-largest source","1","ARTICLE_ORDINAL_RANK_THE_SECOND_LARGEST","「a second largest source」在此應改為「the second-largest source」。表示已界定群體中的第二名，使用 the + 序數詞 + 最高級。 second-largest 共同修飾 source， 所以加連字號。","[]","0.9","approved"
"PARA-0018-I065","I065","PARA-0018-S28","1","per cents","per cent","1","UNIT_PER_CENT_INVARIABLE","「per cents」在此應改為「per cent」。per cent 不因數字大於一而加 s。","[]","0.9","approved"
"PARA-0018-I066","I066","PARA-0018-S28","2","respectably","respectively","1","WORDFORM_RESPECTIVELY_NOT_RESPECTABLY","「respectably」在此應改為「respectively」。respectively 表示兩組依次列出的項目一一對應。 respectably 表示以可敬或尚算不錯的方式，意思不同。","[]","0.9","approved"
"PARA-0018-I067","I067","PARA-0018-S29","1","Taking together","Taken together","1","PARTICIPLE_TAKEN_TOGETHER_PASSIVE","「Taking together」在此應改為「Taken together」。兩幅圖是「被放在一起考慮」，所以使用過去分詞 Taken together。 Taking the charts together, we can see... 才是主動結構。","[]","0.9","approved"
"PARA-0018-I068","I068","PARA-0018-S30","1","Comparing with 2005","Compared with 2005","1","PARTICIPLE_COMPARED_WITH_BASELINE","「Comparing with 2005」在此應改為「Compared with 2005」。2035 的能源組合是被拿來與 2005 比較，因此用 Compared with。 Comparing the two years, we can see... 則有明確的主動執行者。","[]","0.9","approved"
"PARA-0018-I069","I069","PARA-0018-S31","1","to raise from 12.1","to rise from 12.1","1","VERB_RISE_INTRANSITIVE_NOT_RAISE","「to raise from 12.1」在此應改為「to rise from 12.1」。rise 是不及物動詞，表示數值自行上升。raise 是及物動詞，需要賓語，例如 The policy raised the total。","[]","0.9","approved"
"PARA-0018-I070","I070","PARA-0018-S32","1","The difference of","The difference between","1","NOUN_DIFFERENCE_BETWEEN","「The difference of」在此應改為「The difference between」。比較兩項事物之間的差別，用 the difference between A and B。a difference of 2 MWh 則表示差額大小。","[]","0.9","approved"
"PARA-0018-I071","I071","PARA-0018-S32","2","is projected to be widened","is projected to widen","1","VERB_WIDEN_INTRANSITIVE_TREND","「is projected to be widened」在此應改為「is projected to widen」。當 difference 本身逐漸擴大時， widen 作不及物動詞。被動式暗示有外在執行者把差距擴大，因此這項規則應保留原意檢查。","[]","0.9","approved"
"PARA-0018-I072","I072","PARA-0018-S33","1","At","At the","1","ARTICLE_END_OF_PERIOD_THE","「At」在此應改為「At the」。固定結構是 at the end of + 時段／事物。 in the end 則表示「最終」。","[]","0.9","approved"
"PARA-0018-I073","I073","PARA-0018-S33","2","the first","first","1","ADVERB_RANK_FIRST_NO_THE","「the first」在此應改為「first」。first 在 rank first 中作排名補語，不使用冠詞。對照名詞詞組： the first position。","[]","0.9","approved"
"PARA-0018-I074","I074","PARA-0018-S33","3","with","by","1","PASSIVE_FOLLOWED_BY","「with」在此應改為「by」。表示排名次序中後面接着甚麼，用被動結構 be followed by。","[]","0.9","approved"
"PARA-0018-I075","I075","PARA-0018-S33","4","at last","last","1","PREDICATIVE_LAST_NO_AT","「at last」在此應改為「last」。last 可直接作排名補語： Northland was last。 at last 表示等待一段時間後「終於」，意思不同。","[]","0.9","approved"
"PARA-0020-I001","I001","PARA-0020-S01","1","between the","the","1","VERB_COMPARE_DIRECT_OBJECT_NO_BETWEEN","compare 作動詞時直接接比較對象。名詞結構才使用 a comparison between A and B。 [來源：PARA-0020-S01-I01；原始規則：VERB.COMPARE.DIRECT_OBJECT.NO_BETWEEN.v1；規則族：GF_COMPARE_DIRECT_OBJECT_NO_BETWEEN；正規化編輯：PARA-0020-S01-E01；舊版結構錨點：right_stable_token。]","[]","0.99","approved"
"PARA-0020-I002","I002","PARA-0020-S01","2","amount","numbers","1","GF_NUMBER_OF_COUNT_PEOPLE","employees 是複數可數名詞，因此使用 number。amount 修飾不可數名詞，如 the amount of money。 [來源：PARA-0020-S01-I02；原始規則：COUNT.NUMBER.OF_PEOPLE.NOT_AMOUNT.v1；規則族：GF_NUMBER_OF_COUNT_PEOPLE；正規化編輯：PARA-0020-S01-E02。]","[]","0.9","approved"
"PARA-0020-I003","I003","PARA-0020-S01","3","which","who","1","PRONOUN_RELATIVE_HUMAN_WHO","指人並在關係分句中作主語，使用 who；限制性分句中的 that 也可成立。 [來源：PARA-0020-S01-I03；原始規則：PRONOUN.RELATIVE.HUMAN_WHO.v1；規則族：GF_RELATIVE_HUMAN_WHO；正規化編輯：PARA-0020-S01-E03。]","[]","0.75","approved"
"PARA-0020-I004","I004","PARA-0020-S01","4","from","of","1","GF_EACH_OF_NUMERAL_SET","表示六項中的每一項，用 each of + 數字 + 複數名詞。 [來源：PARA-0020-S01-I04；原始規則：DETERMINER.EACH_OF.NUMERAL_SET.v1；規則族：GF_EACH_OF_NUMERAL_SET；正規化編輯：PARA-0020-S01-E04。]","[]","0.99","approved"
"PARA-0020-I005","I005","PARA-0020-S01","5","on","at","2","GF_SURVEY_CONDUCTED_AT_OR_IN_COMPANY","表示調查在某公司內進行，可用 at 或 in。conducted on a company 會表示公司本身是研究對象。 [來源：PARA-0020-S01-I05；原始規則：PREP.SURVEY.CONDUCTED_AT_OR_IN_COMPANY.v1；規則族：GF_SURVEY_CONDUCTED_AT_OR_IN_COMPANY；正規化編輯：PARA-0020-S01-E05。]","[]","0.75","approved"
"PARA-0020-I006","I006","PARA-0020-S02","1","are representing","represent","1","GF_STATIC_CHART_VERB_SIMPLE_PRESENT","圖表數字恆常代表某種數據，用一般現在式。進行式不適合這種圖表功能描述。 [來源：PARA-0020-S02-I01；原始規則：ASPECT.FIGURE.REPRESENT.SIMPLE_PRESENT.v1；規則族：GF_STATIC_CHART_VERB_SIMPLE_PRESENT；正規化編輯：PARA-0020-S02-E01。]","[]","0.6","approved"
"PARA-0020-I007","I007","PARA-0020-S02","2","instead","rather than","1","GF_RATHER_THAN_COMPARISON","rather than 可直接連接兩個平行名詞。若使用 instead，通常要寫 instead of percentages。 [來源：PARA-0020-S02-I02；原始規則：CONJ.RATHER_THAN.COMPARISON.v1；規則族：GF_RATHER_THAN_COMPARISON；正規化編輯：PARA-0020-S02-E02。]","[]","0.99","approved"
"PARA-0020-I008","I008","PARA-0020-S02","3","chose","choose","1","GF_AFTER_MODAL_BASE_VERB","could 後面使用動詞原形 choose，不用過去式 chose。 [來源：PARA-0020-S02-I03；原始規則：MODAL.AFTER_MODAL.BASE_VERB.v1；規則族：GF_AFTER_MODAL_BASE_VERB；正規化編輯：PARA-0020-S02-E03。]","[]","0.99","approved"
"PARA-0020-I009","I009","PARA-0020-S02","4","then","than","1","GF_MORE_THAN_ONE_SINGULAR","比較詞是 than；固定結構 more than one 後面使用單數名詞。 [來源：PARA-0020-S02-I04；原始規則：QUANTIFIER.MORE_THAN_ONE.SINGULAR.v1；規則族：GF_THAN_NOT_THEN, GF_MORE_THAN_ONE_SINGULAR；正規化編輯：PARA-0020-S02-E04。]","[]","0.99","approved"
"PARA-0020-I010","I009","PARA-0020-S02","5","options.","option.","1","GF_MORE_THAN_ONE_SINGULAR","比較詞是 than；固定結構 more than one 後面使用單數名詞。 [來源：PARA-0020-S02-I04；原始規則：QUANTIFIER.MORE_THAN_ONE.SINGULAR.v1；規則族：GF_THAN_NOT_THEN, GF_MORE_THAN_ONE_SINGULAR；正規化編輯：PARA-0020-S02-E05。]","[]","0.99","approved"
"PARA-0020-I011","I010","PARA-0020-S03","1","most highest","highest","1","GF_SYNTHETIC_SUPERLATIVE_NO_MOST","highest 已是最高級，不再加入 most。 [來源：PARA-0020-S03-I01；原始規則：COMP.DOUBLE_SUPERLATIVE.NO_MOST.v1；規則族：GF_SYNTHETIC_SUPERLATIVE_NO_MOST；正規化編輯：PARA-0020-S03-E01；舊版結構錨點：right_stable_token。]","[]","0.99","approved"
"PARA-0020-I012","I011","PARA-0020-S03","2","woman,","women,","1","GF_IRREGULAR_MAN_WOMAN_PLURAL","woman 的複數是 women。number of 後面接複數可數名詞。 [來源：PARA-0020-S03-I02；原始規則：NOUN.IRREGULAR.WOMAN_WOMEN.v1；規則族：GF_IRREGULAR_MAN_WOMAN_PLURAL；正規化編輯：PARA-0020-S03-E02。]","[]","0.99","approved"
"PARA-0020-I013","I012","PARA-0020-S03","3","most","the most","2","GF_SUPERLATIVE_DEFINITE_ARTICLE","最高級通常由 the 限定。 [來源：PARA-0020-S03-I03；原始規則：ARTICLE.SUPERLATIVE.THE.v1；規則族：GF_SUPERLATIVE_DEFINITE_ARTICLE；正規化編輯：PARA-0020-S03-E03。]","[]","0.99","approved"
"PARA-0020-I014","I013","PARA-0020-S03","4","between","among","1","GF_AMONG_GROUP","表示某選項在一個多人群體中最受歡迎，用 among。between 主要連接兩個明確項目。 [來源：PARA-0020-S03-I04；原始規則：PREP.AMONG.GROUP.v1；規則族：GF_AMONG_GROUP；正規化編輯：PARA-0020-S03-E04。]","[]","0.75","approved"
"PARA-0020-I015","I014","PARA-0020-S04","1","most widest","widest","1","GF_SYNTHETIC_SUPERLATIVE_NO_MOST","widest 已含最高級意思，不使用 most widest。 [來源：PARA-0020-S04-I01；原始規則：COMP.DOUBLE_SUPERLATIVE.NO_MOST.v1；規則族：GF_SYNTHETIC_SUPERLATIVE_NO_MOST；正規化編輯：PARA-0020-S04-E01；舊版結構錨點：right_stable_token。]","[]","0.99","approved"
"PARA-0020-I016","I015","PARA-0020-S04","2","as well","and","1","GF_TWO_ITEM_AND_COORDINATION","兩個類別用 and 連接；兩者各有數值，所以用複數 figures；最高級前加 the。 [來源：PARA-0020-S04-I02；原始規則：PARALLEL.TWO_CATEGORIES.PLURAL_FIGURES.v1；規則族：GF_TWO_ITEM_AND_COORDINATION, GF_SUPERLATIVE_DEFINITE_ARTICLE, GF_COORDINATED_REFERENTS_PLURAL_NOUN；正規化編輯：PARA-0020-S04-E02。]","[]","0.99","approved"
"PARA-0020-I017","I015","PARA-0020-S04","3","most","the most","2","GF_TWO_ITEM_AND_COORDINATION","兩個類別用 and 連接；兩者各有數值，所以用複數 figures；最高級前加 the。 [來源：PARA-0020-S04-I02；原始規則：PARALLEL.TWO_CATEGORIES.PLURAL_FIGURES.v1；規則族：GF_TWO_ITEM_AND_COORDINATION, GF_SUPERLATIVE_DEFINITE_ARTICLE, GF_COORDINATED_REFERENTS_PLURAL_NOUN；正規化編輯：PARA-0020-S04-E03。]","[]","0.99","approved"
"PARA-0020-I018","I015","PARA-0020-S04","4","figure.","figures.","1","GF_TWO_ITEM_AND_COORDINATION","兩個類別用 and 連接；兩者各有數值，所以用複數 figures；最高級前加 the。 [來源：PARA-0020-S04-I02；原始規則：PARALLEL.TWO_CATEGORIES.PLURAL_FIGURES.v1；規則族：GF_TWO_ITEM_AND_COORDINATION, GF_SUPERLATIVE_DEFINITE_ARTICLE, GF_COORDINATED_REFERENTS_PLURAL_NOUN；正規化編輯：PARA-0020-S04-E04。]","[]","0.99","approved"
"PARA-0020-I019","I016","PARA-0020-S05","1","was","were","1","GF_SUBJECT_VERB_NUMBER_AGREEMENT","flexible working hours 在這裡保留複數語法形式，因此被動助動詞使用 were。若圖例把它明確當作一個單一標籤，需記錄產品的標籤一致政策。 [來源：PARA-0020-S05-I01；原始規則：SVA.CATEGORY_LABEL.PLURAL_HOURS.WERE.v1；規則族：GF_SUBJECT_VERB_NUMBER_AGREEMENT；正規化編輯：PARA-0020-S05-E01。]","[]","0.99","approved"
"PARA-0020-I020","I017","PARA-0020-S05","2","from","by","1","GF_CATEGORY_SELECTION_PASSIVE_BY_AGENT","被動句中選擇該項目的執行者由 by 引出。from 可引出來源或選項集合。 [來源：PARA-0020-S05-I02；原始規則：PASSIVE.AGENT.BY_RESPONDENTS.v1；規則族：GF_CATEGORY_SELECTION_PASSIVE_BY_AGENT；正規化編輯：PARA-0020-S05-E02。]","[]","0.75","approved"
"PARA-0020-I021","I018","PARA-0020-S06","1","more 60","60","1","GF_NUMERAL_MORE_COUNT_NOUN_THAN","差額放在 more 前：60 more women than men。比較對象由 than 引出。 [來源：PARA-0020-S06-I01；原始規則：COMP.NUMERAL_MORE_NOUN_THAN.v1；規則族：GF_NUMERAL_MORE_COUNT_NOUN_THAN；正規化編輯：PARA-0020-S06-E01；舊版結構錨點：right_stable_token。]","[]","0.99","approved"
"PARA-0020-I022","I018","PARA-0020-S06","2","women","more women","1","GF_NUMERAL_MORE_COUNT_NOUN_THAN","差額放在 more 前：60 more women than men。比較對象由 than 引出。 [來源：PARA-0020-S06-I01；原始規則：COMP.NUMERAL_MORE_NOUN_THAN.v1；規則族：GF_NUMERAL_MORE_COUNT_NOUN_THAN；正規化編輯：PARA-0020-S06-E02。]","[]","0.99","approved"
"PARA-0020-I023","I018","PARA-0020-S06","3","compared to","than","1","GF_NUMERAL_MORE_COUNT_NOUN_THAN","差額放在 more 前：60 more women than men。比較對象由 than 引出。 [來源：PARA-0020-S06-I01；原始規則：COMP.NUMERAL_MORE_NOUN_THAN.v1；規則族：GF_NUMERAL_MORE_COUNT_NOUN_THAN；正規化編輯：PARA-0020-S06-E03。]","[]","0.99","approved"
"PARA-0020-I024","I019","PARA-0020-S06","4","exceeded","outnumbered","1","GF_OUTNUMBER_PEOPLE","比較兩群人的人數時，用 outnumber + 人群。exceed 通常由數值或數量作主語，如 the female figure exceeded...。 [來源：PARA-0020-S06-I02；原始規則：VERB.OUTNUMBER.PEOPLE.v1；規則族：GF_OUTNUMBER_PEOPLE；正規化編輯：PARA-0020-S06-E04。]","[]","0.9","approved"
"PARA-0020-I025","I020","PARA-0020-S06","5","with","by","1","GF_MARGIN_BY_AMOUNT","表示多出多少，用 outnumber A by + 差額／比例。 [來源：PARA-0020-S06-I03；原始規則：PREP.OUTNUMBER.BY_MARGIN.v1；規則族：GF_MARGIN_BY_AMOUNT；正規化編輯：PARA-0020-S06-E05。]","[]","0.75","approved"
"PARA-0020-I026","I021","PARA-0020-S06","6","from","of","1","GF_ONE_SIXTH_OF_BASE","分數所參照的基數由 of 引出：one sixth of the male figure。 [來源：PARA-0020-S06-I04；原始規則：FRACTION.ONE_SIXTH.OF_BASE.v1；規則族：GF_ONE_SIXTH_OF_BASE；正規化編輯：PARA-0020-S06-E06。]","[]","0.99","approved"
"PARA-0020-I027","I022","PARA-0020-S07","1","showed an","displayed the","1","GF_OPPOSITE_PATTERN_THE","opposite 表示與剛提及模式相反的那一種特定模式，因此用 the。 [來源：PARA-0020-S07-I01；原始規則：ARTICLE.OPPOSITE_PATTERN.THE.v1；規則族：GF_OPPOSITE_PATTERN_THE；正規化編輯：PARA-0020-S07-E01。]","[]","0.75","approved"
"PARA-0020-I028","I023","PARA-0020-S08","1","mens, comparing","men, compared","1","GF_IRREGULAR_MAN_WOMAN_PLURAL","man 的複數是 men，不再加 s。 [來源：PARA-0020-S08-I01, PARA-0020-S08-I02；原始規則：NOUN.IRREGULAR.MAN_MEN.NO_S.v1, PARTICIPLE.COMPARED_WITH.SUPPLEMENT.v1；規則族：GF_IRREGULAR_MAN_WOMAN_PLURAL, GF_COMPARED_WITH_SUPPLEMENT；正規化編輯：PARA-0020-S08-E01。]","[]","0.75","approved"
"PARA-0020-I029","I025","PARA-0020-S08","2","womens,","women,","1","GF_IRREGULAR_MAN_WOMAN_PLURAL","women 已是複數形式，不加 s。 [來源：PARA-0020-S08-I03；原始規則：NOUN.IRREGULAR.WOMAN_WOMEN.NO_S.v1；規則族：GF_IRREGULAR_MAN_WOMAN_PLURAL；正規化編輯：PARA-0020-S08-E02。]","[]","0.99","approved"
"PARA-0020-I030","I026","PARA-0020-S08","3","was exceeded","exceeded","1","GF_EXCEED_ACTIVE_DIRECT_OBJECT","主語是 the male figure，它主動超過 female figure，因此不用被動助動詞 was。 [來源：PARA-0020-S08-I04；原始規則：VERB.EXCEED.ACTIVE.DIRECT_OBJECT.v1；規則族：GF_EXCEED_ACTIVE_DIRECT_OBJECT；正規化編輯：PARA-0020-S08-E03；舊版結構錨點：right_stable_token。]","[]","0.99","approved"
"PARA-0020-I031","I027","PARA-0020-S08","4","for","by","1","GF_MARGIN_BY_AMOUNT","exceed A by 20 表示比 A 高出 20。 [來源：PARA-0020-S08-I05；原始規則：PREP.EXCEED.BY_MARGIN.v1；規則族：GF_MARGIN_BY_AMOUNT；正規化編輯：PARA-0020-S08-E04。]","[]","0.75","approved"
"PARA-0020-I032","I028","PARA-0020-S09","1","only","the only","1","GF_ONLY_SINGULAR_CATEGORY_THE","only 界定唯一的一項，單數名詞前使用 the。 [來源：PARA-0020-S09-I01；原始規則：ARTICLE.ONLY.SINGULAR_CATEGORY.THE.v1；規則族：GF_ONLY_SINGULAR_CATEGORY_THE；正規化編輯：PARA-0020-S09-E01。]","[]","0.75","approved"
"PARA-0020-I033","I029","PARA-0020-S09","2","where","in which","1","GF_ABSTRACT_CATEGORY_IN_WHICH","正式圖表寫作中，可用 category in which。category where 在非正式英文中也可見，不宜設為絕對高置信度錯誤。 [來源：PARA-0020-S09-I02；原始規則：CLAUSE.ABSTRACT_CATEGORY.IN_WHICH.v1；規則族：GF_ABSTRACT_CATEGORY_IN_WHICH；正規化編輯：PARA-0020-S09-E02。]","[]","0.6","approved"
"PARA-0020-I034","I030","PARA-0020-S09","3","more higher","higher","1","COMP_DOUBLE_COMPARATIVE_NO_MORE","higher 已是比較級，不再加入 more。 [來源：PARA-0020-S09-I03；原始規則：COMP.DOUBLE_COMPARATIVE.NO_MORE.v1；規則族：GF_SYNTHETIC_COMPARATIVE_NO_MORE；正規化編輯：PARA-0020-S09-E03；舊版結構錨點：right_stable_token。]","[]","0.99","approved"
"PARA-0020-I035","I031","PARA-0020-S09","4","with less","by fewer","1","GF_MARGIN_BY_AMOUNT","差額用 by；respondents 是可數名詞複數，所以用 fewer。 [來源：PARA-0020-S09-I04；原始規則：COMP.BY_FEWER_THAN.COUNT_NOUN.v1；規則族：GF_MARGIN_BY_AMOUNT, GF_FEWER_FOR_PLURAL_COUNT；正規化編輯：PARA-0020-S09-E04。]","[]","0.75","approved"
"PARA-0020-I036","I032","PARA-0020-S10","1","selected","was selected","1","GF_CATEGORY_SELECTION_PASSIVE_BY_AGENT","Benefit 是被選擇的項目，因此使用過去被動語態。 [來源：PARA-0020-S10-I01；原始規則：PASSIVE.CATEGORY.WAS_SELECTED_BY.v1；規則族：GF_CATEGORY_SELECTION_PASSIVE_BY_AGENT；正規化編輯：PARA-0020-S10-E01。]","[]","0.75","approved"
"PARA-0020-I037","I032","PARA-0020-S10","2","300","by 300","1","GF_CATEGORY_SELECTION_PASSIVE_BY_AGENT","Benefit 是被選擇的項目，因此使用過去被動語態。 [來源：PARA-0020-S10-I01；原始規則：PASSIVE.CATEGORY.WAS_SELECTED_BY.v1；規則族：GF_CATEGORY_SELECTION_PASSIVE_BY_AGENT；正規化編輯：PARA-0020-S10-E02。]","[]","0.75","approved"
"PARA-0020-I038","I033","PARA-0020-S10","3","gave","giving","1","GF_SUPPLEMENTARY_RESULT_PRESENT_PARTICIPLE","逗號後用現在分詞補充前述兩個數值相加的結果。 [來源：PARA-0020-S10-I02；原始規則：PARTICIPLE.RESULT.GIVING_TOTAL.v1；規則族：GF_SUPPLEMENTARY_RESULT_PRESENT_PARTICIPLE；正規化編輯：PARA-0020-S10-E03。]","[]","0.9","approved"
"PARA-0020-I039","I034","PARA-0020-S10","4","with","of","1","GF_TOTAL_OF_QUANTITY","名詞 total 用 of 引出總數。 [來源：PARA-0020-S10-I03；原始規則：NOUN.TOTAL.OF_VALUE.v1；規則族：GF_TOTAL_OF_QUANTITY；正規化編輯：PARA-0020-S10-E04。]","[]","0.99","approved"
"PARA-0020-I040","I035","PARA-0020-S10","5","selection.","selections.","1","GF_CARDINAL_COUNT_NOUN_PLURAL","大於一的數字後使用複數可數名詞。 [來源：PARA-0020-S10-I04；原始規則：NOUN.NUMERAL.PLURAL_SELECTIONS.v1；規則族：GF_CARDINAL_COUNT_NOUN_PLURAL；正規化編輯：PARA-0020-S10-E05。]","[]","0.99","approved"
"PARA-0020-I041","I036","PARA-0020-S11","1","different","difference","1","GF_DIFFERENT_TO_DIFFERENCE","different 是形容詞；本句需要名詞主語 difference。 [來源：PARA-0020-S11-I01, PARA-0020-S11-I03；原始規則：WORDFORM.DIFFERENT_TO_DIFFERENCE.v1, SVA.SINGULAR_DIFFERENCE.WAS.v1；規則族：GF_DIFFERENT_TO_DIFFERENCE, GF_SUBJECT_VERB_NUMBER_AGREEMENT；正規化編輯：PARA-0020-S11-E01。]","[]","0.99","approved"
"PARA-0020-I042","I037","PARA-0020-S11","2","two","the two","1","GF_DEFINITE_COMPARISON_REFERENT","這裡指前文已知的男性和女性兩組，因此使用 the。 [來源：PARA-0020-S11-I02, PARA-0020-S11-I03；原始規則：ARTICLE.DEFINED_TWO_GROUPS.THE.v1, SVA.SINGULAR_DIFFERENCE.WAS.v1；規則族：GF_DEFINITE_COMPARISON_REFERENT, GF_SUBJECT_VERB_NUMBER_AGREEMENT；正規化編輯：PARA-0020-S11-E02。]","[]","0.75","approved"
"PARA-0020-I043","I038","PARA-0020-S11","3","were","was","1","GF_SUBJECT_VERB_NUMBER_AGREEMENT","中心主語 difference 是單數，所以用 was。 [來源：PARA-0020-S11-I03；原始規則：SVA.SINGULAR_DIFFERENCE.WAS.v1；規則族：GF_SUBJECT_VERB_NUMBER_AGREEMENT；正規化編輯：PARA-0020-S11-E03。]","[]","0.99","approved"
"PARA-0020-I044","I039","PARA-0020-S11","4","male","the male","1","GF_DEFINITE_COMPARISON_REFERENT","這裡指該類別中已知的男性數值，因此使用 the。 [來源：PARA-0020-S11-I04；原始規則：ARTICLE.DEFINED_MALE_FIGURE.THE.v1；規則族：GF_DEFINITE_COMPARISON_REFERENT；正規化編輯：PARA-0020-S11-E04。]","[]","0.75","approved"
"PARA-0020-I045","I040","PARA-0020-S11","5","approximate","approximately","1","GF_DEGREE_ADVERB_FORM","修飾數字用副詞 approximately；數字後的比例單位使用不變形式 per cent。 [來源：PARA-0020-S11-I05；原始規則：WORDFORM.APPROXIMATELY.PER_CENT.v1；規則族：GF_DEGREE_ADVERB_FORM, GF_PERCENT_UNIT_FORM；正規化編輯：PARA-0020-S11-E05。]","[]","0.99","approved"
"PARA-0020-I046","I040","PARA-0020-S11","6","percentage","per cent","1","GF_DEGREE_ADVERB_FORM","修飾數字用副詞 approximately；數字後的比例單位使用不變形式 per cent。 [來源：PARA-0020-S11-I05；原始規則：WORDFORM.APPROXIMATELY.PER_CENT.v1；規則族：GF_DEGREE_ADVERB_FORM, GF_PERCENT_UNIT_FORM；正規化編輯：PARA-0020-S11-E06。]","[]","0.99","approved"
"PARA-0020-I047","I041","PARA-0020-S11","7","female","the female","1","GF_DEFINITE_COMPARISON_REFERENT","指特定類別內的女性數值時使用 the。 [來源：PARA-0020-S11-I06；原始規則：ARTICLE.DEFINED_FEMALE_FIGURE.THE.v1；規則族：GF_DEFINITE_COMPARISON_REFERENT；正規化編輯：PARA-0020-S11-E07。]","[]","0.75","approved"
"PARA-0020-I048","I042","PARA-0020-S12","1","was recorded","recorded","1","GF_CATEGORY_RECORD_ACTIVE_FIGURE","在圖表描述中，某類別可主動「錄得」一個數值：Private insurance recorded...。被動式需要改換主語。 [來源：PARA-0020-S12-I01；原始規則：VERB.CATEGORY.RECORD.ACTIVE_FIGURE.v1；規則族：GF_CATEGORY_RECORD_ACTIVE_FIGURE；正規化編輯：PARA-0020-S12-E01；舊版結構錨點：right_stable_token。]","[]","0.9","approved"
"PARA-0020-I049","I043","PARA-0020-S12","2","beside","and","1","GF_COORDINATED_FIGURES_AND","這裡只是列出兩個平行數值，用 and。beside 表示空間位置。 [來源：PARA-0020-S12-I02；原始規則：CONJ.COORDINATED_FIGURES.AND.v1；規則族：GF_COORDINATED_FIGURES_AND；正規化編輯：PARA-0020-S12-E02。]","[]","0.99","approved"
"PARA-0020-I050","I044","PARA-0020-S12","3","selection.","selections.","1","GF_CARDINAL_COUNT_NOUN_PLURAL","數字 310 後面用複數。 [來源：PARA-0020-S12-I02, PARA-0020-S12-I03；原始規則：CONJ.COORDINATED_FIGURES.AND.v1, NOUN.NUMERAL.PLURAL_SELECTIONS.v1；規則族：GF_COORDINATED_FIGURES_AND, GF_CARDINAL_COUNT_NOUN_PLURAL；正規化編輯：PARA-0020-S12-E03。]","[]","0.99","approved"
"PARA-0020-I051","I045","PARA-0020-S13","1","figure was","figures were","1","GF_SUBJECT_VERB_NUMBER_AGREEMENT","these 後面接複數名詞，並配合複數動詞 were。 [來源：PARA-0020-S13-I01；原始規則：SVA.THESE.PLURAL_FIGURES.WERE.v1；規則族：GF_DEMONSTRATIVE_NOUN_NUMBER_AGREEMENT, GF_SUBJECT_VERB_NUMBER_AGREEMENT；正規化編輯：PARA-0020-S13-E01。]","[]","0.99","approved"
"PARA-0020-I052","I046","PARA-0020-S13","2","each","to each","1","GF_CLOSE_TO_EACH_OTHER","表示兩個數值接近，用 close to each other。 [來源：PARA-0020-S13-I02；原始規則：ADJ.CLOSE.TO_EACH_OTHER.v1；規則族：GF_CLOSE_TO_EACH_OTHER；正規化編輯：PARA-0020-S13-E02。]","[]","0.9","approved"
"PARA-0020-I053","I047","PARA-0020-S13","3","accounted","accounting for","1","GF_WITH_NP_PRESENT_PARTICIPLE","with + 名詞 + 現在分詞 表示伴隨的數值關係：with men accounting...。 [來源：PARA-0020-S13-I03；原始規則：CLAUSE.WITH.NP.PRESENT_PARTICIPLE.v1；規則族：GF_WITH_NP_PRESENT_PARTICIPLE；正規化編輯：PARA-0020-S13-E03。]","[]","0.99","approved"
"PARA-0020-I054","I048","PARA-0020-S13","4","selections more","more","1","GF_NUMERAL_MORE_COUNT_NOUN_THAN","正確次序為 數字 + more + 名詞 + than。 [來源：PARA-0020-S13-I04；原始規則：COMP.NUMERAL_MORE_NOUN_THAN.v1；規則族：GF_NUMERAL_MORE_COUNT_NOUN_THAN；正規化編輯：PARA-0020-S13-E04；舊版結構錨點：right_stable_token。]","[]","0.99","approved"
"PARA-0020-I055","I048","PARA-0020-S13","5","as","selections than","2","GF_NUMERAL_MORE_COUNT_NOUN_THAN","正確次序為 數字 + more + 名詞 + than。 [來源：PARA-0020-S13-I04；原始規則：COMP.NUMERAL_MORE_NOUN_THAN.v1；規則族：GF_NUMERAL_MORE_COUNT_NOUN_THAN；正規化編輯：PARA-0020-S13-E05。]","[]","0.99","approved"
"PARA-0020-I056","I049","PARA-0020-S14","1","most greatest","greatest","1","GF_SYNTHETIC_SUPERLATIVE_NO_MOST","greatest 已是最高級。 [來源：PARA-0020-S14-I01；原始規則：COMP.DOUBLE_SUPERLATIVE.NO_MOST.v1；規則族：GF_SYNTHETIC_SUPERLATIVE_NO_MOST；正規化編輯：PARA-0020-S14-E01；舊版結構錨點：right_stable_token。]","[]","0.99","approved"
"PARA-0020-I057","I050","PARA-0020-S14","2","on","in","2","GF_IN_CATEGORY","表示某種差異出現在某一類別中，用 in。 [來源：PARA-0020-S14-I02；原始規則：PREP.CONTRAST.APPEAR_IN_CATEGORY.v1；規則族：GF_IN_CATEGORY；正規化編輯：PARA-0020-S14-E02。]","[]","0.75","approved"
"PARA-0020-I058","I051","PARA-0020-S15","1","much","many","1","GF_AS_MANY_AS_PLURAL_COUNT","women 是複數可數名詞，因此使用 as many as。as much as 修飾不可數名詞。 [來源：PARA-0020-S15-I01；原始規則：QUANTIFIER.AS_MANY_AS.PLURAL_COUNT.v1；規則族：GF_AS_MANY_AS_PLURAL_COUNT；正規化編輯：PARA-0020-S15-E01。]","[]","0.99","approved"
"PARA-0020-I059","I052","PARA-0020-S15","2","in comparison","compared","1","GF_COMPARED_WITH_SUPPLEMENT","補充比較另一組數值時，可使用過去分詞短語 compared with。原名詞結構並非絕對錯誤，但在此句中較笨重。 [來源：PARA-0020-S15-I02；原始規則：PARTICIPLE.COMPARED_WITH.FIGURE.v1；規則族：GF_COMPARED_WITH_SUPPLEMENT；正規化編輯：PARA-0020-S15-E02。]","[]","0.75","approved"
"PARA-0020-I060","I052","PARA-0020-S15","3","only","just","1","GF_COMPARED_WITH_SUPPLEMENT","補充比較另一組數值時，可使用過去分詞短語 compared with。原名詞結構並非絕對錯誤，但在此句中較笨重。 [來源：PARA-0020-S15-I02；原始規則：PARTICIPLE.COMPARED_WITH.FIGURE.v1；規則族：GF_COMPARED_WITH_SUPPLEMENT；正規化編輯：PARA-0020-S15-E03。]","[]","0.75","approved"
"PARA-0020-I061","I053","PARA-0020-S15","4","man.","men.","1","GF_IRREGULAR_MAN_WOMAN_PLURAL","數字 90 後使用複數 men。 [來源：PARA-0020-S15-I02, PARA-0020-S15-I03；原始規則：PARTICIPLE.COMPARED_WITH.FIGURE.v1, NOUN.IRREGULAR.MAN_MEN.v1；規則族：GF_COMPARED_WITH_SUPPLEMENT, GF_IRREGULAR_MAN_WOMAN_PLURAL；正規化編輯：PARA-0020-S15-E04。]","[]","0.75","approved"
"PARA-0020-I062","I054","PARA-0020-S16","1","slight","slightly","1","GF_DEGREE_ADVERB_FORM","修飾比較短語 more than 要使用副詞 slightly。 [來源：PARA-0020-S16-I01；原始規則：WORDFORM.SLIGHTLY.MORE_THAN.v1；規則族：GF_DEGREE_ADVERB_FORM；正規化編輯：PARA-0020-S16-E01。]","[]","0.99","approved"
"PARA-0020-I063","I055","PARA-0020-S16","2","higher than","the","1","GF_MULTIPLIER_THREE_TIMES_BASE","若女性數值是男性數值的三倍，應寫 three times the male figure。three times higher than 可能被解讀為四倍，倍數意思不安全。 [來源：PARA-0020-S16-I02, PARA-0020-S16-I03；原始規則：COMP.MULTIPLIER.THREE_TIMES_BASE.v1, ARTICLE.MULTIPLIER.DEFINED_BASE.v1；規則族：GF_MULTIPLIER_THREE_TIMES_BASE, GF_DEFINITE_COMPARISON_REFERENT；正規化編輯：PARA-0020-S16-E02。]","[]","0.75","approved"
"PARA-0020-I064","I057","PARA-0020-S16","3","about","up about","1","GF_MAKE_UP_PROPORTION","表示某群體構成整體的比例，用 make up。 [來源：PARA-0020-S16-I04；原始規則：PHRASAL.MAKE_UP.PROPORTION.v1；規則族：GF_MAKE_UP_PROPORTION；正規化編輯：PARA-0020-S16-E03。]","[]","0.9","approved"
"PARA-0020-I065","I059","PARA-0020-S16","4","quarter from","quarters of the","1","GF_FRACTION_OF_BASE","分數的整體基數由 of 引出；特定的 370 項用 the，名詞用複數。 [來源：PARA-0020-S16-I05, PARA-0020-S16-I06；原始規則：FRACTION.THREE_QUARTERS.PLURAL.v1, FRACTION.OF_THE_TOTAL_SELECTIONS.v1；規則族：GF_FRACTION_DENOMINATOR_PLURAL, GF_FRACTION_OF_BASE, GF_DEFINITE_TOTAL_REFERENCE, GF_CARDINAL_COUNT_NOUN_PLURAL；正規化編輯：PARA-0020-S16-E04。]","[]","0.99","approved"
"PARA-0020-I066","I059","PARA-0020-S16","5","selection on","selections in","1","GF_FRACTION_OF_BASE","分數的整體基數由 of 引出；特定的 370 項用 the，名詞用複數。 [來源：PARA-0020-S16-I06, PARA-0020-S16-I07；原始規則：FRACTION.OF_THE_TOTAL_SELECTIONS.v1, PREP.IN_A_CATEGORY.v1；規則族：GF_FRACTION_OF_BASE, GF_DEFINITE_TOTAL_REFERENCE, GF_CARDINAL_COUNT_NOUN_PLURAL, GF_IN_CATEGORY；正規化編輯：PARA-0020-S16-E05。]","[]","0.75","approved"
"PARA-0020-I067","I061","PARA-0020-S17","1","least","the least","1","GF_SUPERLATIVE_DEFINITE_ARTICLE","最高級前使用 the。 [來源：PARA-0020-S17-I01；原始規則：ARTICLE.SUPERLATIVE.THE.v1；規則族：GF_SUPERLATIVE_DEFINITE_ARTICLE；正規化編輯：PARA-0020-S17-E01。]","[]","0.99","approved"
"PARA-0020-I068","I062","PARA-0020-S17","2","between","among","1","GF_AMONG_GROUP","表示在整個男性群體中，用 among。 [來源：PARA-0020-S17-I02；原始規則：PREP.AMONG.GROUP.v1；規則族：GF_AMONG_GROUP；正規化編輯：PARA-0020-S17-E02。]","[]","0.75","approved"
"PARA-0020-I069","I063","PARA-0020-S17","3","despite","although","1","GF_ALTHOUGH_FINITE_VS_DESPITE_NOMINAL","although 後面接完整分句；despite 後面接名詞或動名詞。 [來源：PARA-0020-S17-I03；原始規則：CONJ.ALTHOUGH.FINITE_NOT_DESPITE.v1；規則族：GF_ALTHOUGH_FINITE_VS_DESPITE_NOMINAL；正規化編輯：PARA-0020-S17-E03。]","[]","0.99","approved"
"PARA-0020-I070","I064","PARA-0020-S17","4","the fourth","fourth","1","GF_RANK_FOURTH_NO_THE","rank fourth 中序數詞作排名補語，不加 the。名詞結構則寫 in fourth place。 [來源：PARA-0020-S17-I04；原始規則：ADVERB.RANK.FOURTH.NO_THE.v1；規則族：GF_RANK_FOURTH_NO_THE；正規化編輯：PARA-0020-S17-E04；舊版結構錨點：right_stable_token。]","[]","0.99","approved"
"PARA-0020-I071","I065","PARA-0020-S18","1","other","another","1","GF_ANOTHER_SINGULAR_COUNT_NOUN","單數可數名詞前表示另一個，用 another。other 通常配複數名詞或帶另一限定詞。 [來源：PARA-0020-S18-I01；原始規則：DETERMINER.ANOTHER.SINGULAR_NOUN.v1；規則族：GF_ANOTHER_SINGULAR_COUNT_NOUN；正規化編輯：PARA-0020-S18-E01。]","[]","0.99","approved"
"PARA-0020-I072","I066","PARA-0020-S18","2","advantage for males.","male advantage.","1","GF_MALE_ADVANTAGE_CATEGORY","圖表中表示男性數值較高，可簡潔寫 a male advantage。原結構可理解，宜設為寫法建議而非硬性錯誤。 [來源：PARA-0020-S18-I01, PARA-0020-S18-I02；原始規則：DETERMINER.ANOTHER.SINGULAR_NOUN.v1, COLLOC.MALE_ADVANTAGE.CATEGORY.v1；規則族：GF_ANOTHER_SINGULAR_COUNT_NOUN, GF_MALE_ADVANTAGE_CATEGORY；正規化編輯：PARA-0020-S18-E02。]","[]","0.6","approved"
"PARA-0020-I073","I067","PARA-0020-S19","1","250","of 250","1","GF_TOTAL_OF_QUANTITY","固定數量結構是 a total of + 數字 + 名詞。 [來源：PARA-0020-S19-I01；原始規則：NOUN.A_TOTAL_OF.v1；規則族：GF_TOTAL_OF_QUANTITY；正規化編輯：PARA-0020-S19-E01。]","[]","0.99","approved"
"PARA-0020-I074","I068","PARA-0020-S19","2","with","to","1","GF_AS_OPPOSED_TO","固定比較短語是 as opposed to。 [來源：PARA-0020-S19-I02；原始規則：PREP.AS_OPPOSED_TO.v1；規則族：GF_AS_OPPOSED_TO；正規化編輯：PARA-0020-S19-E02。]","[]","0.99","approved"
"PARA-0020-I075","I069","PARA-0020-S20","1","another","other","1","GF_IN_OTHER_WORDS","固定連接語是複數 in other words。 [來源：PARA-0020-S20-I01；原始規則：FIXED.IN_OTHER_WORDS.v1；規則族：GF_IN_OTHER_WORDS；正規化編輯：PARA-0020-S20-E01。]","[]","0.9","approved"
"PARA-0020-I076","I070","PARA-0020-S20","2","less","fewer","1","GF_FEWER_PLURAL_COUNT_NOUN","women 是可數名詞複數，所以用 fewer。 [來源：PARA-0020-S20-I02；原始規則：QUANTIFIER.FEWER.PLURAL_COUNT_NOUN.v1；規則族：GF_FEWER_PLURAL_COUNT_NOUN；正規化編輯：PARA-0020-S20-E02。]","[]","0.99","approved"
"PARA-0020-I077","I071","PARA-0020-S20","3","benefit,","the benefit,","1","GF_KNOWN_BENEFIT_THE","指本句已討論的特定 gym membership benefit，使用 the。 [來源：PARA-0020-S20-I03；原始規則：ARTICLE.KNOWN_BENEFIT.THE.v1；規則族：GF_KNOWN_BENEFIT_THE；正規化編輯：PARA-0020-S20-E03。]","[]","0.75","approved"
"PARA-0020-I078","I072","PARA-0020-S20","4","number","the number","1","GF_SUBJECT_VERB_NUMBER_AGREEMENT","the number of... 的中心詞是單數 number，所以使用 was。 [來源：PARA-0020-S20-I04；原始規則：SVA.THE_NUMBER_OF.SINGULAR.v1；規則族：GF_THE_NUMBER_OF_CONSTRUCTION, GF_SUBJECT_VERB_NUMBER_AGREEMENT；正規化編輯：PARA-0020-S20-E04。]","[]","0.99","approved"
"PARA-0020-I079","I072","PARA-0020-S20","5","were","was","1","GF_SUBJECT_VERB_NUMBER_AGREEMENT","the number of... 的中心詞是單數 number，所以使用 was。 [來源：PARA-0020-S20-I04；原始規則：SVA.THE_NUMBER_OF.SINGULAR.v1；規則族：GF_THE_NUMBER_OF_CONSTRUCTION, GF_SUBJECT_VERB_NUMBER_AGREEMENT；正規化編輯：PARA-0020-S20-E05。]","[]","0.99","approved"
"PARA-0020-I080","I073","PARA-0020-S20","6","half","a half","1","NUMERAL_ONE_AND_A_HALF","標準分數倍數寫法是 one and a half。 [來源：PARA-0020-S20-I05, PARA-0020-S20-I06；原始規則：NUMERAL.ONE_AND_A_HALF.v1, COMP.MULTIPLIER.PLURAL_TIMES.v1；規則族：GF_ONE_AND_A_HALF, GF_MULTIPLIER_PLURAL_TIMES；正規化編輯：PARA-0020-S20-E06。]","[]","0.99","approved"
"PARA-0020-I081","I075","PARA-0020-S20","7","time those","times that","1","GF_SUBSTITUTE_PRONOUN_NUMBER_AGREEMENT","被代替的是單數名詞 number，所以用 that；those 代替複數。 [來源：PARA-0020-S20-I06, PARA-0020-S20-I07；原始規則：COMP.MULTIPLIER.PLURAL_TIMES.v1, REFERENCE.THAT.SINGULAR_NUMBER.v1；規則族：GF_MULTIPLIER_PLURAL_TIMES, GF_SUBSTITUTE_PRONOUN_NUMBER_AGREEMENT；正規化編輯：PARA-0020-S20-E07。]","[]","0.75","approved"
"PARA-0020-I082","I076","PARA-0020-S21","1","fewer","less","1","GF_LESS_ADJECTIVE_NOT_FEWER","popular 是形容詞，其較低程度用 less。fewer 只修飾複數可數名詞。 [來源：PARA-0020-S21-I01；原始規則：DEGREE.LESS.ADJECTIVE.NOT_FEWER.v1；規則族：GF_LESS_ADJECTIVE_NOT_FEWER；正規化編輯：PARA-0020-S21-E01。]","[]","0.99","approved"
"PARA-0020-I083","I077","PARA-0020-S21","2","in overall","overall","1","GF_OVERALL_NO_IN","overall 可直接作副詞，表示整體而言，不在前面加 in。 [來源：PARA-0020-S21-I02；原始規則：ADVERB.OVERALL.NO_IN.v1；規則族：GF_OVERALL_NO_IN；正規化編輯：PARA-0020-S21-E02；舊版結構錨點：right_stable_token。]","[]","0.99","approved"
"PARA-0020-I084","I078","PARA-0020-S22","1","benefit,","benefits,","1","GF_CARDINAL_COUNT_NOUN_PLURAL","數字六後面使用複數可數名詞。 [來源：PARA-0020-S22-I01；原始規則：NOUN.NUMERAL.PLURAL.v1；規則族：GF_CARDINAL_COUNT_NOUN_PLURAL；正規化編輯：PARA-0020-S22-E01。]","[]","0.99","approved"
"PARA-0020-I085","I079","PARA-0020-S22","2","did","made","1","GF_MAKE_A_SELECTION","固定搭配是 make a selection／make selections，不用 do selections。 [來源：PARA-0020-S22-I02；原始規則：COLLOC.MAKE_A_SELECTION.v1；規則族：GF_MAKE_A_SELECTION；正規化編輯：PARA-0020-S22-E02。]","[]","0.9","approved"
"PARA-0020-I086","I080","PARA-0020-S23","1","total","women's total","1","GF_WOMENS_TOTAL","表示屬於女性組的總數，可用 the women's total。the total for women 也是標準替代；原寫法較不自然。 [來源：PARA-0020-S23-I01；原始規則：POSSESSIVE.WOMENS_TOTAL.v1；規則族：GF_WOMENS_TOTAL；正規化編輯：PARA-0020-S23-E01。]","[]","0.6","approved"
"PARA-0020-I087","I080","PARA-0020-S23","2","of women was","was","1","GF_WOMENS_TOTAL","表示屬於女性組的總數，可用 the women's total。the total for women 也是標準替代；原寫法較不自然。 [來源：PARA-0020-S23-I01；原始規則：POSSESSIVE.WOMENS_TOTAL.v1；規則族：GF_WOMENS_TOTAL；正規化編輯：PARA-0020-S23-E02；舊版結構錨點：right_stable_token。]","[]","0.6","approved"
"PARA-0020-I088","I081","PARA-0020-S23","3","higher 80","80","1","GF_NUMERAL_BEFORE_COMPARATIVE","差額數字放在比較級前：80 higher than。 [來源：PARA-0020-S23-I02；原始規則：COMP.NUMERAL_BEFORE_COMPARATIVE.v1；規則族：GF_NUMERAL_BEFORE_COMPARATIVE；正規化編輯：PARA-0020-S23-E03；舊版結構錨點：right_stable_token。]","[]","0.99","approved"
"PARA-0020-I089","I081","PARA-0020-S23","4","than","higher than","1","GF_NUMERAL_BEFORE_COMPARATIVE","差額數字放在比較級前：80 higher than。 [來源：PARA-0020-S23-I02；原始規則：COMP.NUMERAL_BEFORE_COMPARATIVE.v1；規則族：GF_NUMERAL_BEFORE_COMPARATIVE；正規化編輯：PARA-0020-S23-E04。]","[]","0.99","approved"
"PARA-0020-I090","I082","PARA-0020-S23","5","one of men,","men's,","1","GF_ELLIPSIS_MENS_TOTAL","所有格 the men's 可省略已出現的 total。the one of men 不是自然的所有格省略。 [來源：PARA-0020-S23-I03；原始規則：POSSESSIVE.ELLIPSIS.MENS_TOTAL.v1；規則族：GF_ELLIPSIS_MENS_TOTAL；正規化編輯：PARA-0020-S23-E05。]","[]","0.75","approved"
"PARA-0020-I091","I083","PARA-0020-S23","6","broad","broadly","1","GF_DEGREE_ADVERB_FORM","修飾形容詞 comparable 使用副詞 broadly。 [來源：PARA-0020-S23-I04；原始規則：WORDFORM.BROADLY_COMPARABLE.v1；規則族：GF_DEGREE_ADVERB_FORM；正規化編輯：PARA-0020-S23-E07。]","[]","0.99","approved"
"PARA-0020-I092","I084","PARA-0020-S24","1","together with","and","1","GF_COMBINED_CATEGORIES_AND_TOGETHER","要把兩項的數值相加，可用 A and B together。together with 不一定把兩者組成同等並列主語。 [來源：PARA-0020-S24-I01；原始規則：PARALLEL.COMBINED_CATEGORIES.AND_TOGETHER.v1；規則族：GF_COMBINED_CATEGORIES_AND_TOGETHER；正規化編輯：PARA-0020-S24-E01。]","[]","0.99","approved"
"PARA-0020-I093","I085","PARA-0020-S24","2","accounted","together accounted","1","GF_ACCOUNT_FOR_PROPORTION","account for 表示構成某個比例。 [來源：PARA-0020-S24-I01, PARA-0020-S24-I02；原始規則：PARALLEL.COMBINED_CATEGORIES.AND_TOGETHER.v1, PHRASAL.ACCOUNT_FOR.PROPORTION.v1；規則族：GF_COMBINED_CATEGORIES_AND_TOGETHER, GF_ACCOUNT_FOR_PROPORTION；正規化編輯：PARA-0020-S24-E02。]","[]","0.99","approved"
"PARA-0020-I094","I085","PARA-0020-S24","3","more","for more","1","GF_ACCOUNT_FOR_PROPORTION","account for 表示構成某個比例。 [來源：PARA-0020-S24-I02, PARA-0020-S24-I03；原始規則：PHRASAL.ACCOUNT_FOR.PROPORTION.v1, QUANTIFIER.MORE_THAN.FRACTION.v1；規則族：GF_ACCOUNT_FOR_PROPORTION, GF_MORE_THAN_FRACTION；正規化編輯：PARA-0020-S24-E03。]","[]","0.99","approved"
"PARA-0020-I095","I086","PARA-0020-S24","4","one","than one","1","GF_MORE_THAN_FRACTION","表示超過某分數，使用 more than + 分數。 [來源：PARA-0020-S24-I03；原始規則：QUANTIFIER.MORE_THAN.FRACTION.v1；規則族：GF_MORE_THAN_FRACTION；正規化編輯：PARA-0020-S24-E04。]","[]","0.99","approved"
"PARA-0020-I096","I087","PARA-0020-S24","5","from","of","1","GF_FRACTION_OF_TOTAL_ATTRIBUTIVE_FEMALE","比例基數由 of 引出；名詞前作修飾語用單數形容詞形式 female。 [來源：PARA-0020-S24-I04；原始規則：PREP.FRACTION.OF_TOTAL_ATTRIBUTIVE_FEMALE.v1；規則族：GF_FRACTION_OF_TOTAL_ATTRIBUTIVE_FEMALE；正規化編輯：PARA-0020-S24-E05。]","[]","0.75","approved"
"PARA-0020-I097","I087","PARA-0020-S24","6","females","female","1","GF_FRACTION_OF_TOTAL_ATTRIBUTIVE_FEMALE","比例基數由 of 引出；名詞前作修飾語用單數形容詞形式 female。 [來源：PARA-0020-S24-I04；原始規則：PREP.FRACTION.OF_TOTAL_ATTRIBUTIVE_FEMALE.v1；規則族：GF_FRACTION_OF_TOTAL_ATTRIBUTIVE_FEMALE；正規化編輯：PARA-0020-S24-E06。]","[]","0.75","approved"
"PARA-0020-I098","I088","PARA-0020-S25","1","above","over","1","GF_FRACTION_DENOMINATOR_PLURAL","表示略高於某比例，常用 just over。分子為二，分母用複數 fifths。 [來源：PARA-0020-S25-I01；原始規則：FRACTION.JUST_OVER.TWO_FIFTHS.v1；規則族：GF_FRACTION_DENOMINATOR_PLURAL；正規化編輯：PARA-0020-S25-E01。]","[]","0.99","approved"
"PARA-0020-I099","I089","PARA-0020-S25","2","fifth","fifths","1","GF_FRACTION_DENOMINATOR_PLURAL","分子大於一時，分母使用複數。 [來源：PARA-0020-S25-I01, PARA-0020-S25-I02；原始規則：FRACTION.JUST_OVER.TWO_FIFTHS.v1, FRACTION.PLURAL_DENOMINATOR.v1；規則族：GF_FRACTION_DENOMINATOR_PLURAL；正規化編輯：PARA-0020-S25-E02。]","[]","0.99","approved"
"PARA-0020-I100","I090","PARA-0020-S25","3","male","the male","1","GF_DEFINITE_COMPARISON_REFERENT","指前文計算出的特定男性總數，使用 the。 [來源：PARA-0020-S25-I03；原始規則：ARTICLE.DEFINED_GROUP_TOTAL.THE.v1；規則族：GF_DEFINITE_COMPARISON_REFERENT；正規化編輯：PARA-0020-S25-E03。]","[]","0.75","approved"
"PARA-0020-I101","I091","PARA-0020-S26","1","categories","the categories","1","GF_FINITE_PASSIVE_INSERT_AUXILIARY","categories 是被排列的項目，因此需要被動助動詞 are。 [來源：PARA-0020-S26-I01；原始規則：PASSIVE.CATEGORIES.ARE_RANKED.v1；規則族：GF_FINITE_PASSIVE_INSERT_AUXILIARY；正規化編輯：PARA-0020-S26-E01。]","[]","0.9","approved"
"PARA-0020-I102","I091","PARA-0020-S26","2","ranked","are ranked","1","GF_FINITE_PASSIVE_INSERT_AUXILIARY","categories 是被排列的項目，因此需要被動助動詞 are。 [來源：PARA-0020-S26-I01, PARA-0020-S26-I02；原始規則：PASSIVE.CATEGORIES.ARE_RANKED.v1, WORDFORM.RANKED_SEPARATELY.v1；規則族：GF_FINITE_PASSIVE_INSERT_AUXILIARY, GF_MANNER_ADVERB_FORM；正規化編輯：PARA-0020-S26-E02。]","[]","0.9","approved"
"PARA-0020-I103","I092","PARA-0020-S26","3","separate,","separately, the","1","GF_MANNER_ADVERB_FORM","修飾動詞 ranked 使用副詞 separately。 [來源：PARA-0020-S26-I02, PARA-0020-S26-I03；原始規則：WORDFORM.RANKED_SEPARATELY.v1, ARTICLE.ORDINAL.PLURAL_POSITIONS.v1；規則族：GF_MANNER_ADVERB_FORM, GF_ORDINAL_PHRASE_DEFINITE_ARTICLE, GF_CARDINAL_COUNT_NOUN_PLURAL；正規化編輯：PARA-0020-S26-E03。]","[]","0.99","approved"
"PARA-0020-I104","I094","PARA-0020-S26","4","position of","positions for","1","GF_RANK_FOR_GROUP","表示屬於某組的排名，用 positions for women。 [來源：PARA-0020-S26-I03, PARA-0020-S26-I04, PARA-0020-S26-I05；原始規則：ARTICLE.ORDINAL.PLURAL_POSITIONS.v1, PREP.RANKING.FOR_GROUP.v1, SVA.PLURAL_POSITIONS.ARE.v1；規則族：GF_ORDINAL_PHRASE_DEFINITE_ARTICLE, GF_CARDINAL_COUNT_NOUN_PLURAL, GF_RANK_FOR_GROUP, GF_SUBJECT_VERB_NUMBER_AGREEMENT；正規化編輯：PARA-0020-S26-E04。]","[]","0.75","approved"
"PARA-0020-I105","I095","PARA-0020-S26","5","is","are","1","GF_SUBJECT_VERB_NUMBER_AGREEMENT","複數主語 positions 配合 are。 [來源：PARA-0020-S26-I05；原始規則：SVA.PLURAL_POSITIONS.ARE.v1；規則族：GF_SUBJECT_VERB_NUMBER_AGREEMENT；正規化編輯：PARA-0020-S26-E05。]","[]","0.99","approved"
"PARA-0020-I106","I096","PARA-0020-S26","6","order","the order","1","GF_SUBJECT_VERB_NUMBER_AGREEMENT","指特定排名次序用 the order；某組的次序用 for；中心詞 order 是單數，配合 is。 [來源：PARA-0020-S26-I06；原始規則：SVA.SINGULAR_ORDER.FOR_GROUP.v1；規則族：GF_DEFINITE_ORDER_REFERENCE, GF_RANK_FOR_GROUP, GF_SUBJECT_VERB_NUMBER_AGREEMENT；正規化編輯：PARA-0020-S26-E06。]","[]","0.99","approved"
"PARA-0020-I107","I096","PARA-0020-S26","7","of","for","2","GF_SUBJECT_VERB_NUMBER_AGREEMENT","指特定排名次序用 the order；某組的次序用 for；中心詞 order 是單數，配合 is。 [來源：PARA-0020-S26-I06；原始規則：SVA.SINGULAR_ORDER.FOR_GROUP.v1；規則族：GF_DEFINITE_ORDER_REFERENCE, GF_RANK_FOR_GROUP, GF_SUBJECT_VERB_NUMBER_AGREEMENT；正規化編輯：PARA-0020-S26-E07。]","[]","0.99","approved"
"PARA-0020-I108","I096","PARA-0020-S26","8","are","is","1","GF_SUBJECT_VERB_NUMBER_AGREEMENT","指特定排名次序用 the order；某組的次序用 for；中心詞 order 是單數，配合 is。 [來源：PARA-0020-S26-I06；原始規則：SVA.SINGULAR_ORDER.FOR_GROUP.v1；規則族：GF_DEFINITE_ORDER_REFERENCE, GF_RANK_FOR_GROUP, GF_SUBJECT_VERB_NUMBER_AGREEMENT；正規化編輯：PARA-0020-S26-E08。]","[]","0.99","approved"
"PARA-0020-I109","I097","PARA-0020-S27","1","locates at the","occupies","1","GF_OCCUPY_RANK_POSITION","表示某類別位居某一名次，可用 occupy + position/place。locate 通常表示找出或設置實體位置。 [來源：PARA-0020-S27-I01, PARA-0020-S27-I02；原始規則：VERB.OCCUPY.RANK_POSITION.v1, RANK.FOURTH_PLACE.NO_THE_AFTER_OCCUPY.v1；規則族：GF_OCCUPY_RANK_POSITION, GF_FOURTH_PLACE_NO_THE_AFTER_OCCUPY；正規化編輯：PARA-0020-S27-E01。]","[]","0.9","approved"
"PARA-0020-I110","I099","PARA-0020-S27","2","of","for","1","GF_RANK_FOR_GROUP","表示在男性組別中的排名，用 for men。 [來源：PARA-0020-S27-I03；原始規則：PREP.RANKING.FOR_GROUP.v1；規則族：GF_RANK_FOR_GROUP；正規化編輯：PARA-0020-S27-E02。]","[]","0.75","approved"
"PARA-0020-I111","I100","PARA-0020-S27","3","on fifth","fifth","1","GF_RANK_FOR_GROUP","occupies 同時控制兩個排名補語：fourth for men but fifth for women。 [來源：PARA-0020-S27-I04；原始規則：RANK.FIFTH_FOR_GROUP.v1；規則族：GF_BARE_ORDINAL_RANK, GF_RANK_FOR_GROUP；正規化編輯：PARA-0020-S27-E03；舊版結構錨點：right_stable_token。]","[]","0.75","approved"
"PARA-0020-I112","I100","PARA-0020-S27","4","of","for","2","GF_RANK_FOR_GROUP","occupies 同時控制兩個排名補語：fourth for men but fifth for women。 [來源：PARA-0020-S27-I04；原始規則：RANK.FIFTH_FOR_GROUP.v1；規則族：GF_BARE_ORDINAL_RANK, GF_RANK_FOR_GROUP；正規化編輯：PARA-0020-S27-E04。]","[]","0.75","approved"
"PARA-0020-I113","I101","PARA-0020-S27","5","than","of","1","GF_AHEAD_OF","固定比較結構是 ahead of + 對象，不用 than。 [來源：PARA-0020-S27-I05；原始規則：PREP.AHEAD_OF.v1；規則族：GF_AHEAD_OF；正規化編輯：PARA-0020-S27-E05。]","[]","0.75","approved"
"PARA-0020-I114","I102","PARA-0020-S27","6","former","the latter","1","REFERENCE_LATTER_SECOND_OF_TWO","前面先提男性排名，再提女性排名；此處指第二個，即 the latter ranking。 [來源：PARA-0020-S27-I06；原始規則：REFERENCE.LATTER.SECOND_OF_TWO.v1；規則族：GF_LATTER_SECOND_OF_TWO；正規化編輯：PARA-0020-S27-E06。]","[]","0.75","approved"
"PARA-0020-I115","I103","PARA-0020-S28","1","every employees","each employee","1","GF_EACH_SINGULAR_COUNT_NOUN","each 和 every 後面都接單數名詞。目標使用 each employee，強調每人可作多項選擇。 [來源：PARA-0020-S28-I01；原始規則：DETERMINER.EACH.SINGULAR_NOUN.v1；規則族：GF_EACH_SINGULAR_COUNT_NOUN；正規化編輯：PARA-0020-S28-E01。]","[]","0.99","approved"
"PARA-0020-I116","I104","PARA-0020-S28","2","benefit,","benefits,","1","GF_CARDINAL_COUNT_NOUN_PLURAL","several 後面接複數可數名詞。 [來源：PARA-0020-S28-I02；原始規則：NOUN.SEVERAL.PLURAL.v1；規則族：GF_CARDINAL_COUNT_NOUN_PLURAL；正規化編輯：PARA-0020-S28-E02。]","[]","0.99","approved"
"PARA-0020-I117","I105","PARA-0020-S28","3","figure does","figures do","1","GF_SUBJECT_VERB_NUMBER_AGREEMENT","這裡有男女兩組總數，因此用複數 figures 和助動詞 do。 [來源：PARA-0020-S28-I03；原始規則：SVA.PLURAL_COMBINED_FIGURES.DO.v1；規則族：GF_COORDINATED_REFERENTS_PLURAL_NOUN, GF_SUBJECT_VERB_NUMBER_AGREEMENT；正規化編輯：PARA-0020-S28-E03。]","[]","0.99","approved"
"PARA-0020-I118","I106","PARA-0020-S28","4","amount","the number","1","GF_NUMBER_OF_COUNT_PEOPLE","employees 可數，使用 number；泛指多名個別員工時用複數。 [來源：PARA-0020-S28-I04；原始規則：COUNT.NUMBER.OF_EMPLOYEES.v1；規則族：GF_NUMBER_OF_COUNT_PEOPLE, GF_CARDINAL_COUNT_NOUN_PLURAL；正規化編輯：PARA-0020-S28-E04。]","[]","0.9","approved"
"PARA-0020-I119","I107","PARA-0020-S28","5","employee on neither","employees in either","1","GF_EITHER_OF_TWO_GROUPS","否定句中的「兩組任何一組」使用 either。資料位於某組內，用 in。 [來源：PARA-0020-S28-I04, PARA-0020-S28-I05；原始規則：COUNT.NUMBER.OF_EMPLOYEES.v1, DETERMINER.EITHER.OF_TWO_GROUPS.v1；規則族：GF_NUMBER_OF_COUNT_PEOPLE, GF_CARDINAL_COUNT_NOUN_PLURAL, GF_EITHER_OF_TWO_GROUPS；正規化編輯：PARA-0020-S28-E05。]","[]","0.9","approved"
"PARA-0020-I120","I107","PARA-0020-S28","6","groups.","group.","1","GF_EITHER_OF_TWO_GROUPS","否定句中的「兩組任何一組」使用 either。資料位於某組內，用 in。 [來源：PARA-0020-S28-I05；原始規則：DETERMINER.EITHER.OF_TWO_GROUPS.v1；規則族：GF_EITHER_OF_TWO_GROUPS；正規化編輯：PARA-0020-S28-E06。]","[]","0.99","approved"
"PARA-0020-I121","I108","PARA-0020-S29","1","comparison among","comparisons between","1","GF_COUNT_NOUN_NUMBER","比較多組偏好時中心名詞用複數；比較關係用 between；不同選項的偏好用複數 preferences。 [來源：PARA-0020-S29-I01；原始規則：NOUN.COMPARISONS.BETWEEN.PREFERENCES.v1；規則族：GF_COUNT_NOUN_NUMBER, GF_BETWEEN_TWO_SETS；正規化編輯：PARA-0020-S29-E01。]","[]","0.9","approved"
"PARA-0020-I122","I108","PARA-0020-S29","2","preference,","preferences,","1","GF_COUNT_NOUN_NUMBER","比較多組偏好時中心名詞用複數；比較關係用 between；不同選項的偏好用複數 preferences。 [來源：PARA-0020-S29-I01；原始規則：NOUN.COMPARISONS.BETWEEN.PREFERENCES.v1；規則族：GF_COUNT_NOUN_NUMBER, GF_BETWEEN_TWO_SETS；正規化編輯：PARA-0020-S29-E02。]","[]","0.9","approved"
"PARA-0020-I123","I109","PARA-0020-S29","3","use for","be used to","1","GF_PASSIVE_CANNOT_BE_USED","chart 是被用來計算的工具，所以使用情態動詞被動語態。 [來源：PARA-0020-S29-I02, PARA-0020-S29-I03；原始規則：MODAL.PASSIVE.CANNOT_BE_USED.v1, INFINITIVE.PURPOSE.TO_CALCULATE.v1；規則族：GF_PASSIVE_CANNOT_BE_USED, GF_FOR_BASE_PURPOSE_TO_INFINITIVE；正規化編輯：PARA-0020-S29-E03。]","[]","0.99","approved"
"PARA-0020-I124","I111","PARA-0020-S29","4","percentage","the percentage","1","GF_SPECIFIC_PERCENTAGE_THE","指每項選擇所對應的特定百分比，使用 the。 [來源：PARA-0020-S29-I04；原始規則：ARTICLE.SPECIFIC_PERCENTAGE.THE.v1；規則族：GF_SPECIFIC_PERCENTAGE_THE；正規化編輯：PARA-0020-S29-E04。]","[]","0.99","approved"
"PARA-0020-I125","I113","PARA-0020-S29","5","which choose every options","choosing each option","1","GF_EACH_SINGULAR_COUNT_NOUN","each/every 後面接單數；目標使用 each option。 [來源：PARA-0020-S29-I05, PARA-0020-S29-I06；原始規則：PRONOUN.RELATIVE.HUMAN_WHO.v1, DETERMINER.EACH.SINGULAR_OPTION.v1；規則族：GF_RELATIVE_HUMAN_WHO, GF_EACH_VS_EVERY_STYLE, GF_EACH_SINGULAR_COUNT_NOUN；正規化編輯：PARA-0020-S29-E05。]","[]","0.75","approved"
"PARA-0020-I126","I114","PARA-0020-S29","6","know","knowing","1","GF_WITHOUT_GERUND","without 是介詞，後面的動作用動名詞。 [來源：PARA-0020-S29-I07；原始規則：PREP.WITHOUT.GERUND.v1；規則族：GF_WITHOUT_GERUND；正規化編輯：PARA-0020-S29-E06。]","[]","0.75","approved"
"PARA-0020-I127","I116","PARA-0020-S29","7","size for both group.","sizes of the two groups.","1","GF_SIZES_OF_GROUPS_COMPLEMENT","名詞 sizes 用 of 引出所屬群組；已明確是兩組，因此使用 the two groups。 [來源：PARA-0020-S29-I08, PARA-0020-S29-I09；原始規則：NOUN.TWO_GROUPS.PLURAL_SIZES.v1, PREP.SIZES.OF_THE_TWO_GROUPS.v1；規則族：GF_TWO_GROUPS_PLURAL_SIZES, GF_SIZES_OF_GROUPS_COMPLEMENT, GF_DEFINITE_TWO_GROUPS, GF_COUNT_NOUN_NUMBER；正規化編輯：PARA-0020-S29-E07。]","[]","0.9","approved"
"PARA-0021-I001","I001","PARA-0021-S01","1","that how","how","1","GF_COMPLEMENTIZER_WH_EXCLUSION","illustrate 後面可直接接由 how 引出的內容分句，不同時使用 that how。對照：illustrates that the process is efficient。 [來源：PARA-0021-S01-I01；原始規則：CLAUSE.ILLUSTRATE.WH_CLAUSE.NO_THAT.v1；規則族：GF_COMPLEMENTIZER_WH_EXCLUSION；正規化編輯：PARA-0021-S01-E01；舊版結構錨點：right_stable_token。]","[]","0.99","approved"
"PARA-0021-I002","I002","PARA-0021-S01","2","twelve-stages","twelve-stage","1","GF_NUMERAL_ATTRIBUTIVE_NOUN_SINGULAR","數字和名詞共同放在另一名詞前作修飾語時，名詞保持單數：a twelve-stage process。 [來源：PARA-0021-S01-I02；原始規則：NOUN.NUMERAL.COMPOUND.SINGULAR_STAGE.v1；規則族：GF_NUMERAL_ATTRIBUTIVE_NOUN_SINGULAR；正規化編輯：PARA-0021-S01-E02。]","[]","0.99","approved"
"PARA-0021-I003","I003","PARA-0021-S02","1","from collecting","with the collection","1","GF_PROCESS_BOUNDARY_WITH","描述程序的第一個階段，常用 begin with + 名詞／動名詞。begin from 通常引出時間或空間起點。 [來源：PARA-0021-S02-I01；原始規則：PROCESS.BEGIN.WITH.STAGE_NOUN.v1；規則族：GF_PROCESS_BOUNDARY_WITH；正規化編輯：PARA-0021-S02-E01。]","[]","0.9","approved"
"PARA-0021-I004","I003","PARA-0021-S02","2","inspecting","inspection of","1","GF_PROCESS_BOUNDARY_WITH","描述程序的第一個階段，常用 begin with + 名詞／動名詞。begin from 通常引出時間或空間起點。 [來源：PARA-0021-S02-I01；原始規則：PROCESS.BEGIN.WITH.STAGE_NOUN.v1；規則族：GF_PROCESS_BOUNDARY_WITH；正規化編輯：PARA-0021-S02-E02。]","[]","0.9","approved"
"PARA-0021-I005","I004","PARA-0021-S02","3","by","with the","1","GF_PROCESS_BOUNDARY_WITH","描述最後階段用 end with + 名詞／動名詞。end by doing 可表示最終採取的行為，但本句是在命名階段。 [來源：PARA-0021-S02-I02；原始規則：PROCESS.END.WITH.STAGE_NOUN.v1；規則族：GF_PROCESS_BOUNDARY_WITH；正規化編輯：PARA-0021-S02-E03。]","[]","0.9","approved"
"PARA-0021-I006","I004","PARA-0021-S02","4","tested","of tested","1","GF_PROCESS_BOUNDARY_WITH","描述最後階段用 end with + 名詞／動名詞。end by doing 可表示最終採取的行為，但本句是在命名階段。 [來源：PARA-0021-S02-I02；原始規則：PROCESS.END.WITH.STAGE_NOUN.v1；規則族：GF_PROCESS_BOUNDARY_WITH；正規化編輯：PARA-0021-S02-E04。]","[]","0.9","approved"
"PARA-0021-I007","I005","PARA-0021-S03","1","mechanically,","mechanical,","1","GF_COPULAR_COMPLEMENT_ADJECTIVE","are 是連繫動詞，後面使用形容詞 mechanical 描述 stages，不用副詞 mechanically。 [來源：PARA-0021-S03-I01；原始規則：LINKING.BE.ADJECTIVE.MECHANICAL.v1；規則族：GF_COPULAR_COMPLEMENT_ADJECTIVE；正規化編輯：PARA-0021-S03-E01。]","[]","0.99","approved"
"PARA-0021-I008","I006","PARA-0021-S03","2","applying","applied","1","GF_PASSIVE_BE_PAST_PARTICIPLE","heat 是被施加的事物，所以使用現在被動語態 is applied。 [來源：PARA-0021-S03-I02；原始規則：PASSIVE.PRESENT.HEAT.IS_APPLIED.v1；規則族：GF_PASSIVE_BE_PAST_PARTICIPLE；正規化編輯：PARA-0021-S03-E02。]","[]","0.9","approved"
"PARA-0021-I009","I007","PARA-0021-S03","3","cooling","to cool","1","GF_LEAVE_PATIENT_TO_INFINITIVE","表示讓材料自行冷卻，用 leave + 物件 + to + 動詞原形。leave something cooling 在特定動態語境可能成立，但不是本程序的預定階段寫法。 [來源：PARA-0021-S03-I03；原始規則：CAUSATIVE.LEAVE.OBJECT.TO_INFINITIVE.v1；規則族：GF_LEAVE_PATIENT_TO_INFINITIVE；正規化編輯：PARA-0021-S03-E03。]","[]","0.9","approved"
"PARA-0021-I010","I008","PARA-0021-S04","1","out of","from","1","GF_COLLECT_FROM_SOURCE","表示物品的來源，用 collect from + 地點／人。out of 強調從內部移出。 [來源：PARA-0021-S04-I01；原始規則：PREP.COLLECT.FROM_SOURCE.v1；規則族：GF_COLLECT_FROM_SOURCE；正規化編輯：PARA-0021-S04-E01。]","[]","0.9","approved"
"PARA-0021-I011","I009","PARA-0021-S04","2","at","to","1","GF_MOTION_REALIZED_DESTINATION_TO","to 引出運送目的地；at 表示物件已位於該地點。 [來源：PARA-0021-S04-I02；原始規則：PREP.TRANSPORT.TO_DESTINATION.v1；規則族：GF_MOTION_REALIZED_DESTINATION_TO；正規化編輯：PARA-0021-S04-E02。]","[]","0.75","approved"
"PARA-0021-I012","I010","PARA-0021-S05","1","for","to","1","GF_FOR_BASE_PURPOSE_TO_INFINITIVE","表示檢查的目的，用 to + 動詞原形：inspected to determine...。 [來源：PARA-0021-S05-I01；原始規則：INFINITIVE.PURPOSE.INSPECT_TO_DETERMINE.v1；規則族：GF_FOR_BASE_PURPOSE_TO_INFINITIVE；正規化編輯：PARA-0021-S05-E01。]","[]","0.99","approved"
"PARA-0021-I013","I011","PARA-0021-S06","1","off","from","1","GF_REMOVE_FROM_ORIGIN","remove + 物件 + from + 地點 表示把某物從一處移走。 [來源：PARA-0021-S06-I01；原始規則：PREP.REMOVE.FROM_SOURCE.v1；規則族：GF_REMOVE_FROM_ORIGIN；正規化編輯：PARA-0021-S06-E01。]","[]","0.99","approved"
"PARA-0021-I014","I012","PARA-0021-S06","2","through","along","1","GF_PATH_ALONG_LINEAR_SUPPORT","物件沿着輸送帶移動，用 along。through 表示從某空間或通道內部穿過。 [來源：PARA-0021-S06-I02；原始規則：PREP.TRAVEL.ALONG.CONVEYOR.v1；規則族：GF_PATH_ALONG_LINEAR_SUPPORT；正規化編輯：PARA-0021-S06-E02。]","[]","0.75","approved"
"PARA-0021-I015","I013","PARA-0021-S07","1","that","which","1","GF_AFTER_WHICH_SENTENTIAL_SEQUENCE","after which 指回前面的整個步驟，並連接下一個完整分句。也可使用句號後另寫 After that, ...。 [來源：PARA-0021-S07-I01；原始規則：CLAUSE.AFTER_WHICH.SEQUENCE.v1；規則族：GF_AFTER_WHICH_SENTENTIAL_SEQUENCE；正規化編輯：PARA-0021-S07-E01。]","[]","0.9","approved"
"PARA-0021-I016","I014","PARA-0021-S07","2","a washing","washing","1","GF_PROCESS_NOUN_COUNT_CONSTRUAL","表示接受某種加工過程時，可寫 undergo washing/testing/treatment。若指一次獨立的清洗，可寫 undergo a wash。 [來源：PARA-0021-S07-I02；原始規則：VERB.UNDERGO.PROCESS_NOUN.ZERO_ARTICLE.v1；規則族：GF_PROCESS_NOUN_COUNT_CONSTRUAL；正規化編輯：PARA-0021-S07-E02；舊版結構錨點：right_stable_token。]","[]","0.75","approved"
"PARA-0021-I017","I015","PARA-0021-S07","3","by","with","1","GF_SUBSTANCE_WITH_NOT_AGENT_BY","用甚麼物質清洗，使用 with。by 可引出執行者或方法，如 washed by a machine。 [來源：PARA-0021-S07-I03；原始規則：PREP.WASH.WITH_SUBSTANCE.v1；規則族：GF_SUBSTANCE_WITH_NOT_AGENT_BY；正規化編輯：PARA-0021-S07-E03。]","[]","0.75","approved"
"PARA-0021-I018","I016","PARA-0021-S08","1","cleaning,","they are clean,","1","GF_ONCE_CLAUSE_REDUCTION","once 後可接完整分句 once they are clean，或縮減為 once clean。once cleaning 會錯誤地表示瓶子主動清洗其他東西。 [來源：PARA-0021-S08-I01；原始規則：CLAUSE.ONCE.FINITE_OR_ADJECTIVE.v1；規則族：GF_ONCE_CLAUSE_REDUCTION；正規化編輯：PARA-0021-S08-E01。]","[]","0.9","approved"
"PARA-0021-I019","I017","PARA-0021-S08","2","shred.","shredding.","1","GF_FOR_ACTION_COMPLEMENT_GERUND","for 是介詞，後面的動作用動名詞：sent for shredding。另一個正確寫法是 sent to be shredded。 [來源：PARA-0021-S08-I02；原始規則：VERB.SEND.FOR.GERUND_PROCESS.v1；規則族：GF_FOR_ACTION_COMPLEMENT_GERUND；正規化編輯：PARA-0021-S08-E02。]","[]","0.9","approved"
"PARA-0021-I020","I018","PARA-0021-S09","1","to","into","1","GF_RESULTATIVE_INTO_FRAME","把一個物件切成多個部分，用 cut + 物件 + into + 部分。 [來源：PARA-0021-S09-I01；原始規則：VERB.CUT.NP.INTO_PARTS.v1；規則族：GF_RESULTATIVE_INTO_FRAME；正規化編輯：PARA-0021-S09-E01。]","[]","0.9","approved"
"PARA-0021-I021","I019","PARA-0021-S09","2","through beneath","beneath","1","GF_REDUNDANT_PATH_PREPOSITION_STACK","beneath 已直接表示從磁鐵下方經過，不再加入 through。 [來源：PARA-0021-S09-I02；原始規則：PREP.PASS.BENEATH.NO_THROUGH.v1；規則族：GF_REDUNDANT_PATH_PREPOSITION_STACK；正規化編輯：PARA-0021-S09-E02；舊版結構錨點：right_stable_token。]","[]","0.99","approved"
"PARA-0021-I022","I020","PARA-0021-S09","3","as","that","2","GF_SO_THAT_FINITE_CLAUSE","後面是完整分句，使用 so that + 主語 + 動詞。so as to 後面則接動詞原形。 [來源：PARA-0021-S09-I03；原始規則：CONJ.SO_THAT.FINITE_RESULT.v1；規則族：GF_SO_THAT_FINITE_CLAUSE；正規化編輯：PARA-0021-S09-E03。]","[]","0.99","approved"
"PARA-0021-I023","I021","PARA-0021-S10","1","during","for","1","GF_FOR_MEASURED_DURATION","表示持續時間的長度，用 for + 時段。during 後面接事件或時期，如 during the drying stage。 [來源：PARA-0021-S10-I01；原始規則：PREP.FOR.DURATION.v1；規則族：GF_FOR_MEASURED_DURATION；正規化編輯：PARA-0021-S10-E01。]","[]","0.99","approved"
"PARA-0021-I024","I022","PARA-0021-S10","2","degree","degrees","1","GF_MEASUREMENT_UNIT_NUMBER","數值大於一時使用複數 degrees Celsius。作前置複合修飾語時可寫 an 80-degree chamber。 [來源：PARA-0021-S10-I02；原始規則：UNIT.DEGREES.CELSIUS.PLURAL.v1；規則族：GF_MEASUREMENT_UNIT_NUMBER；正規化編輯：PARA-0021-S10-E02。]","[]","0.99","approved"
"PARA-0021-I025","I023","PARA-0021-S10","3","to enter","entering","1","GF_TEMPORAL_PREPOSITION_GERUND_COMPLEMENT","before 作介詞時，後面的動作用動名詞。也可寫完整分句 before they enter。 [來源：PARA-0021-S10-I03；原始規則：CLAUSE.BEFORE.GERUND.v1；規則族：GF_TEMPORAL_PREPOSITION_GERUND_COMPLEMENT；正規化編輯：PARA-0021-S10-E03。]","[]","0.99","approved"
"PARA-0021-I026","I024","PARA-0021-S11","1","to reach","of reaching","1","GF_CAPABLE_OF_GERUND","固定結構是 capable of + 名詞／動名詞。 [來源：PARA-0021-S11-I01；原始規則：ADJ.CAPABLE.OF.GERUND.v1；規則族：GF_CAPABLE_OF_GERUND；正規化編輯：PARA-0021-S11-E01。]","[]","0.99","approved"
"PARA-0021-I027","I025","PARA-0021-S11","2","to","into","2","GF_RESULTATIVE_INTO_FRAME","表示物質轉化成另一種形態，用 melt/transform A into B。 [來源：PARA-0021-S11-I02；原始規則：VERB.MELT.NP.INTO.RESULT.v1；規則族：GF_RESULTATIVE_INTO_FRAME；正規化編輯：PARA-0021-S11-E02。]","[]","0.9","approved"
"PARA-0021-I028","I026","PARA-0021-S12","1","to","with","1","GF_COMBINE_WITH_COTHEME","表示兩種材料混合，用 combine A with B。被動式為 A is combined with B。 [來源：PARA-0021-S12-I01；原始規則：PREP.COMBINE.WITH.v1；規則族：GF_COMBINE_WITH_COTHEME；正規化編輯：PARA-0021-S12-E01。]","[]","0.99","approved"
"PARA-0021-I029","I027","PARA-0021-S12","2","from","of","1","GF_RATIO_OF_A_TO_B","名詞 ratio 後用 of 引出比例的組成。 [來源：PARA-0021-S12-I02；原始規則：NOUN.RATIO.OF.COMPONENT.v1；規則族：GF_RATIO_OF_A_TO_B；正規化編輯：PARA-0021-S12-E02。]","[]","0.99","approved"
"PARA-0021-I030","I028","PARA-0021-S12","3","against","to","1","GF_RATIO_OF_A_TO_B","比例的兩部分由 to 連接：three parts A to one part B。 [來源：PARA-0021-S12-I03；原始規則：NOUN.RATIO.A_TO_B.v1；規則族：GF_RATIO_OF_A_TO_B；正規化編輯：PARA-0021-S12-E03。]","[]","0.99","approved"
"PARA-0021-I031","I029","PARA-0021-S13","1","settling","from settling","1","VERB_PREVENT_NP_FROM_GERUND","固定結構是 prevent + 人／物 + from + 動名詞。 [來源：PARA-0021-S13-I01；原始規則：VERB.PREVENT.NP.FROM.GERUND.v1；規則族：GF_PREVENT_FROM_GERUND；正規化編輯：PARA-0021-S13-E01。]","[]","0.99","approved"
"PARA-0021-I032","I030","PARA-0021-S13","2","in","at","5","GF_AT_BOTTOM_LOCATION","表示位於容器底部的位置，通常使用 at the bottom of。in the bottom 可指物體內部的底層部分，語意不同。 [來源：PARA-0021-S13-I02；原始規則：PREP.AT_THE_BOTTOM_OF.v1；規則族：GF_AT_BOTTOM_LOCATION；正規化編輯：PARA-0021-S13-E02。]","[]","0.75","approved"
"PARA-0021-I033","I031","PARA-0021-S14","1","resulted","resulting","1","GF_RESULTING_PARTICIPLE_MODIFIER","resulting 表示「由前一步產生的」。resulted 通常不直接作這種前置形容詞。 [來源：PARA-0021-S14-I01；原始規則：PARTICIPLE.RESULTING.NOT_RESULTED.v1；規則族：GF_RESULTING_PARTICIPLE_MODIFIER；正規化編輯：PARA-0021-S14-E01。]","[]","0.99","approved"
"PARA-0021-I034","I032","PARA-0021-S14","2","in","into","1","GF_POUR_INTO_CONTAINER","液體由外部進入容器，用 pour into。in 表示已在容器內。 [來源：PARA-0021-S14-I02；原始規則：PREP.POUR.INTO.CONTAINER.v1；規則族：GF_POUR_INTO_CONTAINER；正規化編輯：PARA-0021-S14-E02。]","[]","0.9","approved"
"PARA-0021-I035","I033","PARA-0021-S14","3","which","whose","1","PRONOUN_RELATIVE_WHOSE_POSSESSIVE","surfaces 屬於 moulds，因此使用所有格關係代名詞 whose。whose 亦可指物。 [來源：PARA-0021-S14-I03；原始規則：PRONOUN.RELATIVE.WHOSE.POSSESSIVE.v1；規則族：GF_RELATIVE_WHOSE_POSSESSOR；正規化編輯：PARA-0021-S14-E03。]","[]","0.99","approved"
"PARA-0021-I036","I034","PARA-0021-S14","4","coated","been coated","1","GF_PERFECT_PASSIVE_INSERT_BEEN","surfaces 是被塗油的事物，現在完成式被動使用 have been + 過去分詞。 [來源：PARA-0021-S14-I04, PARA-0021-S14-I05；原始規則：PASSIVE.PRESENT_PERFECT.HAVE_BEEN_COATED.v1, PREP.COAT.WITH.SUBSTANCE.v1；規則族：GF_PERFECT_PASSIVE_INSERT_BEEN, GF_SUBSTANCE_WITH_NOT_AGENT_BY；正規化編輯：PARA-0021-S14-E04。]","[]","0.75","approved"
"PARA-0021-I037","I035","PARA-0021-S14","5","by","with","1","GF_SUBSTANCE_WITH_NOT_AGENT_BY","with 引出覆蓋物或塗料；by 通常引出進行塗層工作的施事者。 [來源：PARA-0021-S14-I05；原始規則：PREP.COAT.WITH.SUBSTANCE.v1；規則族：GF_SUBSTANCE_WITH_NOT_AGENT_BY；正規化編輯：PARA-0021-S14-E05。]","[]","0.75","approved"
"PARA-0021-I038","I036","PARA-0021-S14","6","for preventing","to prevent","1","GF_PURPOSE_TO_INFINITIVE_PREFERENCE","表示塗油這個動作的具體目的，用 to + 動詞原形。for preventing 可在名詞用途描述中成立，但此處較不合適。 [來源：PARA-0021-S14-I06；原始規則：INFINITIVE.PURPOSE.TO_PREVENT.v1；規則族：GF_PURPOSE_TO_INFINITIVE_PREFERENCE；正規化編輯：PARA-0021-S14-E06。]","[]","0.6","approved"
"PARA-0021-I039","I037","PARA-0021-S15","1","filled,","been filled,","1","GF_PERFECT_PASSIVE_INSERT_BEEN","moulds 是被填滿的容器，所以使用現在完成式被動。 [來源：PARA-0021-S15-I01；原始規則：PASSIVE.PRESENT_PERFECT.MOULDS_FILLED.v1；規則族：GF_PERFECT_PASSIVE_INSERT_BEEN；正規化編輯：PARA-0021-S15-E01。]","[]","0.99","approved"
"PARA-0021-I040","I038","PARA-0021-S15","2","with","under","1","GF_PRESSURE_PREPOSITION_FRAME","表示物件承受某個壓力，用 under a pressure of + 數值。也可寫 compressed at a pressure of...。 [來源：PARA-0021-S15-I02；原始規則：PREP.UNDER.A_PRESSURE_OF.v1；規則族：GF_PRESSURE_PREPOSITION_FRAME；正規化編輯：PARA-0021-S15-E02。]","[]","0.9","approved"
"PARA-0021-I041","I039","PARA-0021-S15","3","during","for","1","GF_FOR_MEASURED_DURATION","for 表示動作持續的時間長度。 [來源：PARA-0021-S15-I03；原始規則：PREP.FOR.DURATION.v1；規則族：GF_FOR_MEASURED_DURATION；正規化編輯：PARA-0021-S15-E03。]","[]","0.99","approved"
"PARA-0021-I042","I040","PARA-0021-S16","1","cooling","to cool","1","GF_LEAVE_PATIENT_TO_INFINITIVE","表示把成品放置一段時間，使其冷卻，用 be left to cool。 [來源：PARA-0021-S16-I01；原始規則：CAUSATIVE.LEAVE.OBJECT.TO_INFINITIVE.v1；規則族：GF_LEAVE_PATIENT_TO_INFINITIVE；正規化編輯：PARA-0021-S16-E01。]","[]","0.9","approved"
"PARA-0021-I043","I041","PARA-0021-S16","2","completely","they have completely","1","GF_UNTIL_COMPLETION_CLAUSE","until 後需要完整分句，或合適的非限定結構。現在完成式強調完全凝固後才進入下一階段。 [來源：PARA-0021-S16-I02；原始規則：CLAUSE.UNTIL.PRESENT_PERFECT.COMPLETION.v1；規則族：GF_UNTIL_COMPLETION_CLAUSE；正規化編輯：PARA-0021-S16-E02。]","[]","0.9","approved"
"PARA-0021-I044","I041","PARA-0021-S16","3","solidifying.","solidified.","1","GF_UNTIL_COMPLETION_CLAUSE","until 後需要完整分句，或合適的非限定結構。現在完成式強調完全凝固後才進入下一階段。 [來源：PARA-0021-S16-I02；原始規則：CLAUSE.UNTIL.PRESENT_PERFECT.COMPLETION.v1；規則族：GF_UNTIL_COMPLETION_CLAUSE；正規化編輯：PARA-0021-S16-E03。]","[]","0.9","approved"
"PARA-0021-I045","I042","PARA-0021-S17","1","being solid,","solid,","1","GF_ONCE_CLAUSE_REDUCTION","once + 形容詞 可縮減 once they are solid。不需要加入 being。 [來源：PARA-0021-S17-I01；原始規則：CLAUSE.ONCE.ADJECTIVE.REDUCTION.v1；規則族：GF_ONCE_CLAUSE_REDUCTION；正規化編輯：PARA-0021-S17-E01；舊版結構錨點：right_stable_token。]","[]","0.9","approved"
"PARA-0021-I046","I043","PARA-0021-S17","2","out from","from","1","GF_REMOVE_FROM_ORIGIN","remove A from B 已完整表示把物件從容器取出，不加入 out。 [來源：PARA-0021-S17-I02；原始規則：PREP.REMOVE.FROM.CONTAINER.v1；規則族：GF_REMOVE_FROM_ORIGIN；正規化編輯：PARA-0021-S17-E02；舊版結構錨點：right_stable_token。]","[]","0.99","approved"
"PARA-0021-I047","I044","PARA-0021-S17","3","into producing","to produce","1","GF_TRIM_TO_PRODUCE_RESULT","表示修邊的目的或結果，用 trimmed to produce...。 [來源：PARA-0021-S17-I03；原始規則：INFINITIVE.RESULT.TRIM.TO_PRODUCE.v1；規則族：GF_TRIM_TO_PRODUCE_RESULT；正規化編輯：PARA-0021-S17-E03。]","[]","0.99","approved"
"PARA-0021-I048","I045","PARA-0021-S18","1","dried","the dried","1","GF_DEFINITE_PROCESSED_REFERENT","指前文已處理並乾燥的那批 flakes，使用 the。 [來源：PARA-0021-S18-I01；原始規則：ARTICLE.DEFINED.PROCESSED_MATERIAL.THE.v1；規則族：GF_DEFINITE_PROCESSED_REFERENT；正規化編輯：PARA-0021-S18-E01。]","[]","0.75","approved"
"PARA-0021-I049","I046","PARA-0021-S18","2","its","their","1","GF_POSSESSIVE_PRONOUN_NUMBER_AGREEMENT","所有格指回複數 flakes，因此使用 their。 [來源：PARA-0021-S18-I02；原始規則：PRONOUN.PLURAL_FLAKES.THEIR.v1；規則族：GF_POSSESSIVE_PRONOUN_NUMBER_AGREEMENT；正規化編輯：PARA-0021-S18-E02。]","[]","0.75","approved"
"PARA-0021-I050","I047","PARA-0021-S18","3","remain","remains","1","GF_SUBJECT_VERB_NUMBER_AGREEMENT","that 指回單數 batch，一般現在式用 remains。 [來源：PARA-0021-S18-I03；原始規則：SVA.RELATIVE.SINGULAR_BATCH.REMAINS.v1；規則族：GF_SUBJECT_VERB_NUMBER_AGREEMENT；正規化編輯：PARA-0021-S18-E03。]","[]","0.99","approved"
"PARA-0021-I051","I048","PARA-0021-S19","1","spilled","spilling","1","GF_REDUCED_RELATIVE_VOICE_FORM","mixture 主動溢出，所以縮減關係分句使用現在分詞 spilling。spilled 會暗示混合物被別人潑灑。 [來源：PARA-0021-S19-I01；原始規則：CLAUSE.REDUCED_RELATIVE.ACTIVE.SPILLING.v1；規則族：GF_REDUCED_RELATIVE_VOICE_FORM；正規化編輯：PARA-0021-S19-E01。]","[]","0.75","approved"
"PARA-0021-I052","I049","PARA-0021-S19","2","out","off","1","GF_SCRAPE_OFF_SURFACE","表示從表面刮走物料，用 scrape off。scrape out 表示從容器內部刮出。 [來源：PARA-0021-S19-I02；原始規則：PHRASAL.SCRAPE.OFF.SURFACE.v1；規則族：GF_SCRAPE_OFF_SURFACE；正規化編輯：PARA-0021-S19-E02。]","[]","0.75","approved"
"PARA-0021-I053","I050","PARA-0021-S19","3","back to","to","1","GF_RETURN_BACK_REDUNDANCY","return 本身已包含「回去」的意思，一般不再加入 back。非正式語言中可見，但正式 Task 1 宜避免。 [來源：PARA-0021-S19-I03；原始規則：VERB.RETURN.NO_REDUNDANT_BACK.v1；規則族：GF_RETURN_BACK_REDUNDANCY；正規化編輯：PARA-0021-S19-E03；舊版結構錨點：right_stable_token。]","[]","0.6","approved"
"PARA-0021-I054","I051","PARA-0021-S20","1","pressure, as well","pressure and","1","GF_COORDINATE_LIST_FINAL_CONJUNCTION","三項並列時，最後一項前用 and。若使用 as well as，必須完整寫出。 [來源：PARA-0021-S20-I01；原始規則：CONJ.LIST.FINAL_AND.v1；規則族：GF_COORDINATE_LIST_FINAL_CONJUNCTION；正規化編輯：PARA-0021-S20-E01。]","[]","0.99","approved"
"PARA-0021-I055","I052","PARA-0021-S20","2","batches.","batch.","1","GF_EACH_SINGULAR_COUNT_NOUN","each 後面接單數可數名詞。 [來源：PARA-0021-S20-I02；原始規則：DETERMINER.EACH.SINGULAR_NOUN.v1；規則族：GF_EACH_SINGULAR_COUNT_NOUN；正規化編輯：PARA-0021-S20-E02。]","[]","0.99","approved"
"PARA-0021-I056","I053","PARA-0021-S21","1","with the","the","1","GF_ACCOMPANY_DIRECT_OBJECT","accompany 是及物動詞，直接接同行的人或物，不加 with。be accompanied by 則是被動結構。 [來源：PARA-0021-S21-I01；原始規則：VERB.ACCOMPANY.DIRECT_OBJECT.NO_WITH.v1；規則族：GF_ACCOMPANY_DIRECT_OBJECT；正規化編輯：PARA-0021-S21-E01；舊版結構錨點：right_stable_token。]","[]","0.99","approved"
"PARA-0021-I057","I054","PARA-0021-S21","2","toward","to","1","GF_MOTION_REALIZED_DESTINATION_TO","to 表示實際到達指定終點；towards 只表示朝某方向移動，未必到達。 [來源：PARA-0021-S21-I02；原始規則：PREP.TO.DEFINITE_ENDPOINT.v1；規則族：GF_MOTION_REALIZED_DESTINATION_TO；正規化編輯：PARA-0021-S21-E02。]","[]","0.75","approved"
"PARA-0021-I058","I055","PARA-0021-S21","3","prior","before","1","GF_PRIOR_TO_OR_BEFORE_GERUND","prior 若作介詞短語，必須寫 prior to + 動名詞。較簡單的寫法是 before authorising。 [來源：PARA-0021-S21-I03；原始規則：PREP.PRIOR_TO.OR_BEFORE_GERUND.v1；規則族：GF_PRIOR_TO_OR_BEFORE_GERUND；正規化編輯：PARA-0021-S21-E03。]","[]","0.99","approved"
"PARA-0021-I059","I056","PARA-0021-S22","1","subject for","subjected to","1","GF_SUBJECTED_TO_TEST_FRAME","表示物件接受測試，用動詞被動結構 be subjected to。be subject to 也可表示受某條件支配，但不用 for。 [來源：PARA-0021-S22-I01；原始規則：VERB.SUBJECT.NP.TO_TEST.v1；規則族：GF_SUBJECTED_TO_TEST_FRAME；正規化編輯：PARA-0021-S22-E01。]","[]","0.99","approved"
"PARA-0021-I060","I057","PARA-0021-S22","2","tests of quality control.","quality-control tests.","1","GF_ATTRIBUTIVE_COMPOUND_HYPHENATION","quality-control 共同放在 tests 前作複合修飾語，因此加連字號。two tests for quality control 也是可接受替代。 [來源：PARA-0021-S22-I02；原始規則：NOUN.QUALITY_CONTROL.ATTRIBUTIVE_COMPOUND.v1；規則族：GF_ATTRIBUTIVE_COMPOUND_HYPHENATION；正規化編輯：PARA-0021-S22-E02。]","[]","0.6","approved"
"PARA-0021-I061","I058","PARA-0021-S23","1","if","whether","1","GF_FORMAL_WHETHER_PREFERENCE","正式寫作中，表示測試兩種可能結果，使用 whether。if 在部分間接問句中可成立，但在 measure whether 中較標準。 [來源：PARA-0021-S23-I01；原始規則：CLAUSE.FORMAL_EMBEDDED.WHETHER.v1；規則族：GF_FORMAL_WHETHER_PREFERENCE；正規化編輯：PARA-0021-S23-E01。]","[]","0.6","approved"
"PARA-0021-I062","I059","PARA-0021-S23","2","against","to","1","GF_RESISTANCE_TO_FRAME","固定搭配是 resistance to + 物質／力量。protection against water 則使用 against。 [來源：PARA-0021-S23-I02；原始規則：NOUN.RESISTANCE.TO.v1；規則族：GF_RESISTANCE_TO_FRAME；正規化編輯：PARA-0021-S23-E02。]","[]","0.99","approved"
"PARA-0021-I063","I060","PARA-0021-S24","1","from either","either","1","GF_FAIL_TEST_DIRECT_OBJECT","fail 表示未能通過某項測試時，直接接賓語，不加 from。 [來源：PARA-0021-S24-I01；原始規則：VERB.FAIL.DIRECT_OBJECT.TEST.v1；規則族：GF_FAIL_TEST_DIRECT_OBJECT；正規化編輯：PARA-0021-S24-E02；舊版結構錨點：right_stable_token。]","[]","0.99","approved"
"PARA-0021-I064","I061","PARA-0021-S24","2","back into","to","1","GF_RETURN_TO_PROCESS_STAGE","return to + 階段／地點；return 已包含返回意思，且不使用 into 表示程序階段。 [來源：PARA-0021-S24-I02；原始規則：VERB.RETURN.TO.STAGE.NO_BACK.v1；規則族：GF_RETURN_TO_PROCESS_STAGE, GF_RETURN_BACK_REDUNDANCY；正規化編輯：PARA-0021-S24-E03。]","[]","0.9","approved"
"PARA-0021-I065","I062","PARA-0021-S24","3","reprocess.","reprocessing.","1","GF_FOR_ACTION_COMPLEMENT_GERUND","for 後面的動作用動名詞 reprocessing。 [來源：PARA-0021-S24-I03；原始規則：PREP.FOR.GERUND.REPROCESSING.v1；規則族：GF_FOR_ACTION_COMPLEMENT_GERUND；正規化編輯：PARA-0021-S24-E04。]","[]","0.9","approved"
"PARA-0021-I066","I063","PARA-0021-S25","1","Passing","Blocks that pass","1","GF_PARTICIPIAL_PREMODIFIER_ATTACHMENT","長而複雜的現在分詞片語不能自然放在 blocks 前。使用後置關係分句可清楚表示是 blocks 通過測試。 [來源：PARA-0021-S25-I01；原始規則：CLAUSE.PARTICIPIAL_PREMODIFIER.MISATTACHMENT.v1；規則族：GF_PARTICIPIAL_PREMODIFIER_ATTACHMENT；正規化編輯：PARA-0021-S25-E01。]","[]","0.75","approved"
"PARA-0021-I067","I063","PARA-0021-S25","2","blocks are","are","1","GF_PARTICIPIAL_PREMODIFIER_ATTACHMENT","長而複雜的現在分詞片語不能自然放在 blocks 前。使用後置關係分句可清楚表示是 blocks 通過測試。 [來源：PARA-0021-S25-I01；原始規則：CLAUSE.PARTICIPIAL_PREMODIFIER.MISATTACHMENT.v1；規則族：GF_PARTICIPIAL_PREMODIFIER_ATTACHMENT；正規化編輯：PARA-0021-S25-E02；舊版結構錨點：right_stable_token。]","[]","0.75","approved"
"PARA-0021-I068","I065","PARA-0021-S25","3","by its","with their","1","GF_MARK_WITH_INFORMATION","表示產品上標有某項資料，用 marked with + 資料。marked by 可表示某時期以某特徵著稱。 [來源：PARA-0021-S25-I02, PARA-0021-S25-I03；原始規則：PRONOUN.PLURAL_BLOCKS.THEIR.v1, PREP.MARK.WITH.INFORMATION.v1；規則族：GF_POSSESSIVE_PRONOUN_NUMBER_AGREEMENT, GF_MARK_WITH_INFORMATION；正規化編輯：PARA-0021-S25-E03。]","[]","0.75","approved"
"PARA-0021-I069","I066","PARA-0021-S25","4","by","in","2","GF_PACK_IN_GROUPS","表示包裝的分組方式，用 in groups of + 數字。 [來源：PARA-0021-S25-I04；原始規則：PREP.PACK.IN.GROUPS_OF.v1；規則族：GF_PACK_IN_GROUPS；正規化編輯：PARA-0021-S25-E04。]","[]","0.99","approved"
"PARA-0021-I070","I067","PARA-0021-S26","1","over","on","1","GF_PLACE_ON_CONTACT_SURFACE","物件放在托盤表面，用 on。over 表示在上方但未必接觸。 [來源：PARA-0021-S26-I01；原始規則：PREP.PLACE.ON.SURFACE.v1；規則族：GF_PLACE_ON_CONTACT_SURFACE；正規化編輯：PARA-0021-S26-E01。]","[]","0.75","approved"
"PARA-0021-I071","I068","PARA-0021-S26","2","by","in","1","GF_WRAP_IN_MATERIAL","包裹物所使用的材料由 in 引出。被動句中的施事者才用 by。 [來源：PARA-0021-S26-I02；原始規則：PREP.WRAP.IN.MATERIAL.v1；規則族：GF_WRAP_IN_MATERIAL；正規化編輯：PARA-0021-S26-E02。]","[]","0.9","approved"
"PARA-0021-I072","I069","PARA-0021-S26","3","at","in","1","GF_STORE_IN_INTERIOR","表示存放在建築物內部，用 in。at the warehouse 可表示較概括的位置。 [來源：PARA-0021-S26-I03；原始規則：PREP.STORE.IN.BUILDING.v1；規則族：GF_STORE_IN_INTERIOR；正規化編輯：PARA-0021-S26-E03。]","[]","0.75","approved"
"PARA-0021-I073","I070","PARA-0021-S27","1","before","until","1","GF_REMAIN_UNTIL_TERMINUS","表示一直留在某處，直至另一事件發生，用 remain...until...。before 只表達先後，不一定表示持續。 [來源：PARA-0021-S27-I01；原始規則：CONJ.REMAIN.UNTIL.EVENT.v1；規則族：GF_REMAIN_UNTIL_TERMINUS；正規化編輯：PARA-0021-S27-E01。]","[]","0.75","approved"
"PARA-0021-I074","I071","PARA-0021-S27","2","transported","are transported","1","GF_FINITE_PASSIVE_INSERT_AUXILIARY","blocks 是被運送的物件，需要現在被動語態。 [來源：PARA-0021-S27-I02, PARA-0021-S27-I03；原始規則：PASSIVE.PRESENT.ARE_TRANSPORTED.v1, PREP.TRANSPORT.TO.DESTINATION.v1；規則族：GF_FINITE_PASSIVE_INSERT_AUXILIARY, GF_MOTION_REALIZED_DESTINATION_TO；正規化編輯：PARA-0021-S27-E02。]","[]","0.75","approved"
"PARA-0021-I075","I072","PARA-0021-S27","3","towards","to","1","GF_MOTION_REALIZED_DESTINATION_TO","已知成品會送抵工地，因此用 to。 [來源：PARA-0021-S27-I03；原始規則：PREP.TRANSPORT.TO.DESTINATION.v1；規則族：GF_MOTION_REALIZED_DESTINATION_TO；正規化編輯：PARA-0021-S27-E03。]","[]","0.75","approved"
"PARA-0021-I076","I073","PARA-0021-S28","1","is taken","takes","1","GF_TAKE_DURATION_FRAME","表示程序需要多長時間，用主動結構 The process takes...。人作主語時可寫 It takes workers six hours...。 [來源：PARA-0021-S28-I01；原始規則：VERB.PROCESS.TAKES.DURATION.v1；規則族：GF_TAKE_DURATION_FRAME；正規化編輯：PARA-0021-S28-E01。]","[]","0.99","approved"
"PARA-0021-I077","I074","PARA-0021-S28","2","hours for completing,","hours,","1","GF_TAKE_DURATION_FRAME","take + 時間 + to + 動詞原形 是表示完成所需時間的標準結構。 [來源：PARA-0021-S28-I01, PARA-0021-S28-I02；原始規則：VERB.PROCESS.TAKES.DURATION.v1, INFINITIVE.TIME.TO_COMPLETE.v1；規則族：GF_TAKE_DURATION_FRAME；正規化編輯：PARA-0021-S28-E02。]","[]","0.99","approved"
"PARA-0021-I078","I075","PARA-0021-S28","3","requiring for collecting","required to collect","1","GF_REQUIRED_TIME_REDUCED_PASSIVE","time 是收集瓶子所需要的時間，所以用過去分詞 required；其後接目的不定詞 to collect。 [來源：PARA-0021-S28-I03；原始規則：CLAUSE.REDUCED_RELATIVE.PASSIVE.REQUIRED.v1；規則族：GF_REQUIRED_TIME_REDUCED_PASSIVE；正規化編輯：PARA-0021-S28-E03。]","[]","0.9","approved"
"PARA-0021-I079","I076","PARA-0021-S29","1","Wastewaters","Wastewater","1","GF_CONTEXTUAL_MASS_NOUN_NUMBER","wastewater 表示廢水整體時通常不可數。不同類別可寫 types of wastewater。 [來源：PARA-0021-S29-I01, PARA-0021-S29-I03；原始規則：COUNT.WASTEWATER.UNCOUNTABLE.v1, SVA.UNCOUNTABLE.WASTEWATER.SINGULAR.v1；規則族：GF_CONTEXTUAL_MASS_NOUN_NUMBER, GF_SUBJECT_VERB_NUMBER_AGREEMENT；正規化編輯：PARA-0021-S29-E01。]","[]","0.75","approved"
"PARA-0021-I080","I077","PARA-0021-S29","2","from","during","1","GF_GENERATED_DURING_EVENT","表示廢水在清洗階段產生，用 during washing。generated from 可引出產生它的原材料或來源。 [來源：PARA-0021-S29-I02, PARA-0021-S29-I03；原始規則：PREP.GENERATED.DURING.PROCESS.v1, SVA.UNCOUNTABLE.WASTEWATER.SINGULAR.v1；規則族：GF_GENERATED_DURING_EVENT, GF_SUBJECT_VERB_NUMBER_AGREEMENT；正規化編輯：PARA-0021-S29-E02。]","[]","0.75","approved"
"PARA-0021-I081","I078","PARA-0021-S29","3","are","is","1","GF_SUBJECT_VERB_NUMBER_AGREEMENT","不可數主語按單數處理，所以配合 is。 [來源：PARA-0021-S29-I03；原始規則：SVA.UNCOUNTABLE.WASTEWATER.SINGULAR.v1；規則族：GF_SUBJECT_VERB_NUMBER_AGREEMENT；正規化編輯：PARA-0021-S29-E03。]","[]","0.99","approved"
"PARA-0021-I082","I079","PARA-0021-S29","4","repair separate.","are repaired separately.","1","GF_FINITE_PASSIVE_INSERT_AUXILIARY","moulds 是被維修的物件，需要被動語態；修飾動作 repaired 使用副詞 separately。 [來源：PARA-0021-S29-I04；原始規則：PASSIVE.MOULDS.ARE_REPAIRED.ADVERB.v1；規則族：GF_FINITE_PASSIVE_INSERT_AUXILIARY, GF_MANNER_ADVERB_FORM；正規化編輯：PARA-0021-S29-E04。]","[]","0.9","approved"
"PARA-0021-I083","I080","PARA-0021-S30","1","despite","although","1","GF_ALTHOUGH_FINITE_VS_DESPITE_NOMINAL","although 後面接完整分句。despite 後面接名詞或動名詞，例如 despite the procedure being linear。 [來源：PARA-0021-S30-I01；原始規則：CONJ.ALTHOUGH.FINITE.NOT_DESPITE.v1；規則族：GF_ALTHOUGH_FINITE_VS_DESPITE_NOMINAL；正規化編輯：PARA-0021-S30-E01。]","[]","0.99","approved"
"PARA-0021-I084","I081","PARA-0021-S30","2","materials","material","1","GF_CONTEXTUAL_MASS_NOUN_NUMBER","material 表示一批加工物料時可作不可數名詞。若指不同種類，可使用複數 materials；規則需按意思判斷。 [來源：PARA-0021-S30-I02；原始規則：COUNT.MATERIAL.GENERIC_UNCOUNTABLE.v1；規則族：GF_CONTEXTUAL_MASS_NOUN_NUMBER；正規化編輯：PARA-0021-S30-E02。]","[]","0.75","approved"
"PARA-0021-I085","I082","PARA-0021-S30","3","into","to","1","GF_RETURN_TO_PROCESS_STAGE","程序返回某個階段，使用 return to + stage。 [來源：PARA-0021-S30-I03；原始規則：PREP.RETURN.TO.PROCESS_STAGE.v1；規則族：GF_RETURN_TO_PROCESS_STAGE；正規化編輯：PARA-0021-S30-E03。]","[]","0.9","approved"
"PARA-0021-I086","I083","PARA-0021-S30","4","to be","of being","1","GF_INSTEAD_OF_GERUND","固定結構是 instead of + 名詞／動名詞。被動形式為 instead of being + 過去分詞。 [來源：PARA-0021-S30-I04；原始規則：PREP.INSTEAD_OF.PASSIVE_GERUND.v1；規則族：GF_INSTEAD_OF_GERUND；正規化編輯：PARA-0021-S30-E04。]","[]","0.99","approved"
